Submeasurements | avg. watts @ 100%,Submeasurements | avg. watts @ active idle,P_idle_W,P_dyn_W,P_peak_W,ratio_Pidle_Ppeak,ratio_Pidle_Ppeak_percent,ratio_Pdyn_Ppeak,ratio_Pdyn_Ppeak_percent
732,575,575.000000,157.000000,732.000000,0.785519,78.551913,0.214481,21.448087
226,174,174.000000,52.000000,226.000000,0.769912,76.991150,0.230088,23.008850
294,226,226.000000,68.000000,294.000000,0.768707,76.870748,0.231293,23.129252
269,206,206.000000,63.000000,269.000000,0.765799,76.579926,0.234201,23.420074
269,206,206.000000,63.000000,269.000000,0.765799,76.579926,0.234201,23.420074
296,225,225.000000,71.000000,296.000000,0.760135,76.013514,0.239865,23.986486
300,223,223.000000,77.000000,300.000000,0.743333,74.333333,0.256667,25.666667
300,223,223.000000,77.000000,300.000000,0.743333,74.333333,0.256667,25.666667
117,86,86.000000,31.000000,117.000000,0.735043,73.504274,0.264957,26.495726
260,187,187.000000,73.000000,260.000000,0.719231,71.923077,0.280769,28.076923
276,198,198.000000,78.000000,276.000000,0.717391,71.739130,0.282609,28.260870
387,271,271.000000,116.000000,387.000000,0.700258,70.025840,0.299742,29.974160
135,93.7,93.700000,41.300000,135.000000,0.694074,69.407407,0.305926,30.592593
131,90.8,90.800000,40.200000,131.000000,0.693130,69.312977,0.306870,30.687023
357,245,245.000000,112.000000,357.000000,0.686275,68.627451,0.313725,31.372549
315,216,216.000000,99.000000,315.000000,0.685714,68.571429,0.314286,31.428571
234,158,158.000000,76.000000,234.000000,0.675214,67.521368,0.324786,32.478632
253,170,170.000000,83.000000,253.000000,0.671937,67.193676,0.328063,32.806324
231,155,155.000000,76.000000,231.000000,0.670996,67.099567,0.329004,32.900433
627,418,418.000000,209.000000,627.000000,0.666667,66.666667,0.333333,33.333333
258,172,172.000000,86.000000,258.000000,0.666667,66.666667,0.333333,33.333333
231,154,154.000000,77.000000,231.000000,0.666667,66.666667,0.333333,33.333333
231,154,154.000000,77.000000,231.000000,0.666667,66.666667,0.333333,33.333333
280,186,186.000000,94.000000,280.000000,0.664286,66.428571,0.335714,33.571429
268,178,178.000000,90.000000,268.000000,0.664179,66.417910,0.335821,33.582090
334,220,220.000000,114.000000,334.000000,0.658683,65.868263,0.341317,34.131737
291,191,191.000000,100.000000,291.000000,0.656357,65.635739,0.343643,34.364261
334,219,219.000000,115.000000,334.000000,0.655689,65.568862,0.344311,34.431138
206,135,135.000000,71.000000,206.000000,0.655340,65.533981,0.344660,34.466019
117,75.2,75.200000,41.800000,117.000000,0.642735,64.273504,0.357265,35.726496
117,75.1,75.100000,41.900000,117.000000,0.641880,64.188034,0.358120,35.811966
279,179,179.000000,100.000000,279.000000,0.641577,64.157706,0.358423,35.842294
195,125,125.000000,70.000000,195.000000,0.641026,64.102564,0.358974,35.897436
233,148,148.000000,85.000000,233.000000,0.635193,63.519313,0.364807,36.480687
226,143,143.000000,83.000000,226.000000,0.632743,63.274336,0.367257,36.725664
220,138,138.000000,82.000000,220.000000,0.627273,62.727273,0.372727,37.272727
265,166,166.000000,99.000000,265.000000,0.626415,62.641509,0.373585,37.358491
235,147,147.000000,88.000000,235.000000,0.625532,62.553191,0.374468,37.446809
235,147,147.000000,88.000000,235.000000,0.625532,62.553191,0.374468,37.446809
288,180,180.000000,108.000000,288.000000,0.625000,62.500000,0.375000,37.500000
833,520,520.000000,313.000000,833.000000,0.624250,62.424970,0.375750,37.575030
169,105,105.000000,64.000000,169.000000,0.621302,62.130178,0.378698,37.869822
221,136,136.000000,85.000000,221.000000,0.615385,61.538462,0.384615,38.461538
352,216,216.000000,136.000000,352.000000,0.613636,61.363636,0.386364,38.636364
109,66.8,66.800000,42.200000,109.000000,0.612844,61.284404,0.387156,38.715596
221,135,135.000000,86.000000,221.000000,0.610860,61.085973,0.389140,38.914027
132,79.8,79.800000,52.200000,132.000000,0.604545,60.454545,0.395455,39.545455
111,67,67.000000,44.000000,111.000000,0.603604,60.360360,0.396396,39.639640
353,213,213.000000,140.000000,353.000000,0.603399,60.339943,0.396601,39.660057
104,62.1,62.100000,41.900000,104.000000,0.597115,59.711538,0.402885,40.288462
260,155,155.000000,105.000000,260.000000,0.596154,59.615385,0.403846,40.384615
299,178,178.000000,121.000000,299.000000,0.595318,59.531773,0.404682,40.468227
269,160,160.000000,109.000000,269.000000,0.594796,59.479554,0.405204,40.520446
123,73.1,73.100000,49.900000,123.000000,0.594309,59.430894,0.405691,40.569106
276,164,164.000000,112.000000,276.000000,0.594203,59.420290,0.405797,40.579710
938,553,553.000000,385.000000,938.000000,0.589552,58.955224,0.410448,41.044776
2003,1178,1178.000000,825.000000,2003.000000,0.588118,58.811782,0.411882,41.188218
244,143,143.000000,101.000000,244.000000,0.586066,58.606557,0.413934,41.393443
175,102,102.000000,73.000000,175.000000,0.582857,58.285714,0.417143,41.714286
322,187,187.000000,135.000000,322.000000,0.580745,58.074534,0.419255,41.925466
109,63.2,63.200000,45.800000,109.000000,0.579817,57.981651,0.420183,42.018349
119,68.9,68.900000,50.100000,119.000000,0.578992,57.899160,0.421008,42.100840
109,63.1,63.100000,45.900000,109.000000,0.578899,57.889908,0.421101,42.110092
254,147,147.000000,107.000000,254.000000,0.578740,57.874016,0.421260,42.125984
280,162,162.000000,118.000000,280.000000,0.578571,57.857143,0.421429,42.142857
269,155,155.000000,114.000000,269.000000,0.576208,57.620818,0.423792,42.379182
521,299,299.000000,222.000000,521.000000,0.573896,57.389635,0.426104,42.610365
394,226,226.000000,168.000000,394.000000,0.573604,57.360406,0.426396,42.639594
257,147,147.000000,110.000000,257.000000,0.571984,57.198444,0.428016,42.801556
186,106,106.000000,80.000000,186.000000,0.569892,56.989247,0.430108,43.010753
126,71.7,71.700000,54.300000,126.000000,0.569048,56.904762,0.430952,43.095238
276,157,157.000000,119.000000,276.000000,0.568841,56.884058,0.431159,43.115942
1749,993,993.000000,756.000000,1749.000000,0.567753,56.775300,0.432247,43.224700
178,101,101.000000,77.000000,178.000000,0.567416,56.741573,0.432584,43.258427
210,119,119.000000,91.000000,210.000000,0.566667,56.666667,0.433333,43.333333
189,106,106.000000,83.000000,189.000000,0.560847,56.084656,0.439153,43.915344
174,96.8,96.800000,77.200000,174.000000,0.556322,55.632184,0.443678,44.367816
799,444,444.000000,355.000000,799.000000,0.555695,55.569462,0.444305,44.430538
127,70,70.000000,57.000000,127.000000,0.551181,55.118110,0.448819,44.881890
852,468,468.000000,384.000000,852.000000,0.549296,54.929577,0.450704,45.070423
115,63,63.000000,52.000000,115.000000,0.547826,54.782609,0.452174,45.217391
420,230,230.000000,190.000000,420.000000,0.547619,54.761905,0.452381,45.238095
78.2,42.8,42.800000,35.400000,78.200000,0.547315,54.731458,0.452685,45.268542
412,225,225.000000,187.000000,412.000000,0.546117,54.611650,0.453883,45.388350
913,498,498.000000,415.000000,913.000000,0.545455,54.545455,0.454545,45.454545
287,156,156.000000,131.000000,287.000000,0.543554,54.355401,0.456446,45.644599
793,430,430.000000,363.000000,793.000000,0.542245,54.224464,0.457755,45.775536
268,144,144.000000,124.000000,268.000000,0.537313,53.731343,0.462687,46.268657
796,427,427.000000,369.000000,796.000000,0.536432,53.643216,0.463568,46.356784
792,418,418.000000,374.000000,792.000000,0.527778,52.777778,0.472222,47.222222
125,65.9,65.900000,59.100000,125.000000,0.527200,52.720000,0.472800,47.280000
98.4,51.8,51.800000,46.600000,98.400000,0.526423,52.642276,0.473577,47.357724
161,84.6,84.600000,76.400000,161.000000,0.525466,52.546584,0.474534,47.453416
98.4,51.7,51.700000,46.700000,98.400000,0.525407,52.540650,0.474593,47.459350
69.7,36.6,36.600000,33.100000,69.700000,0.525108,52.510760,0.474892,47.489240
150,78.2,78.200000,71.800000,150.000000,0.521333,52.133333,0.478667,47.866667
1103,575,575.000000,528.000000,1103.000000,0.521306,52.130553,0.478694,47.869447
109,56.8,56.800000,52.200000,109.000000,0.521101,52.110092,0.478899,47.889908
95.4,49.6,49.600000,45.800000,95.400000,0.519916,51.991614,0.480084,48.008386
334,173,173.000000,161.000000,334.000000,0.517964,51.796407,0.482036,48.203593
173,89.4,89.400000,83.600000,173.000000,0.516763,51.676301,0.483237,48.323699
252,130,130.000000,122.000000,252.000000,0.515873,51.587302,0.484127,48.412698
264,136,136.000000,128.000000,264.000000,0.515152,51.515152,0.484848,48.484848
133,68.5,68.500000,64.500000,133.000000,0.515038,51.503759,0.484962,48.496241
269,138,138.000000,131.000000,269.000000,0.513011,51.301115,0.486989,48.698885
3948,2024,2024.000000,1924.000000,3948.000000,0.512665,51.266464,0.487335,48.733536
116,59.3,59.300000,56.700000,116.000000,0.511207,51.120690,0.488793,48.879310
136,69.5,69.500000,66.500000,136.000000,0.511029,51.102941,0.488971,48.897059
282,143,143.000000,139.000000,282.000000,0.507092,50.709220,0.492908,49.290780
170,86,86.000000,84.000000,170.000000,0.505882,50.588235,0.494118,49.411765
837,423,423.000000,414.000000,837.000000,0.505376,50.537634,0.494624,49.462366
135,68.2,68.200000,66.800000,135.000000,0.505185,50.518519,0.494815,49.481481
94.5,47.7,47.700000,46.800000,94.500000,0.504762,50.476190,0.495238,49.523810
244,123,123.000000,121.000000,244.000000,0.504098,50.409836,0.495902,49.590164
373,188,188.000000,185.000000,373.000000,0.504021,50.402145,0.495979,49.597855
89,44.7,44.700000,44.300000,89.000000,0.502247,50.224719,0.497753,49.775281
137,68.7,68.700000,68.300000,137.000000,0.501460,50.145985,0.498540,49.854015
115,57.5,57.500000,57.500000,115.000000,0.500000,50.000000,0.500000,50.000000
250,125,125.000000,125.000000,250.000000,0.500000,50.000000,0.500000,50.000000
107,53.1,53.100000,53.900000,107.000000,0.496262,49.626168,0.503738,50.373832
132,65.3,65.300000,66.700000,132.000000,0.494697,49.469697,0.505303,50.530303
258,127,127.000000,131.000000,258.000000,0.492248,49.224806,0.507752,50.775194
44.9,22,22.000000,22.900000,44.900000,0.489978,48.997773,0.510022,51.002227
94.7,46.2,46.200000,48.500000,94.700000,0.487856,48.785639,0.512144,51.214361
94,45.8,45.800000,48.200000,94.000000,0.487234,48.723404,0.512766,51.276596
256,124,124.000000,132.000000,256.000000,0.484375,48.437500,0.515625,51.562500
46,22.2,22.200000,23.800000,46.000000,0.482609,48.260870,0.517391,51.739130
619,298,298.000000,321.000000,619.000000,0.481422,48.142165,0.518578,51.857835
118,56.7,56.700000,61.300000,118.000000,0.480508,48.050847,0.519492,51.949153
454,218,218.000000,236.000000,454.000000,0.480176,48.017621,0.519824,51.982379
260,124,124.000000,136.000000,260.000000,0.476923,47.692308,0.523077,52.307692
119,56.7,56.700000,62.300000,119.000000,0.476471,47.647059,0.523529,52.352941
254,121,121.000000,133.000000,254.000000,0.476378,47.637795,0.523622,52.362205
133,63.1,63.100000,69.900000,133.000000,0.474436,47.443609,0.525564,52.556391
336,159,159.000000,177.000000,336.000000,0.473214,47.321429,0.526786,52.678571
97.1,45.9,45.900000,51.200000,97.100000,0.472709,47.270855,0.527291,52.729145
258,120,120.000000,138.000000,258.000000,0.465116,46.511628,0.534884,53.488372
302,139,139.000000,163.000000,302.000000,0.460265,46.026490,0.539735,53.973510
193,88.5,88.500000,104.500000,193.000000,0.458549,45.854922,0.541451,54.145078
264,121,121.000000,143.000000,264.000000,0.458333,45.833333,0.541667,54.166667
192,87.7,87.700000,104.300000,192.000000,0.456771,45.677083,0.543229,54.322917
2799,1278,1278.000000,1521.000000,2799.000000,0.456592,45.659164,0.543408,54.340836
70.3,32,32.000000,38.300000,70.300000,0.455192,45.519203,0.544808,54.480797
70.2,31.9,31.900000,38.300000,70.200000,0.454416,45.441595,0.545584,54.558405
769,348,348.000000,421.000000,769.000000,0.452536,45.253576,0.547464,54.746424
894,403,403.000000,491.000000,894.000000,0.450783,45.078300,0.549217,54.921700
302,136,136.000000,166.000000,302.000000,0.450331,45.033113,0.549669,54.966887
126,56.6,56.600000,69.400000,126.000000,0.449206,44.920635,0.550794,55.079365
152,68.1,68.100000,83.900000,152.000000,0.448026,44.802632,0.551974,55.197368
197,88.1,88.100000,108.900000,197.000000,0.447208,44.720812,0.552792,55.279188
198,88.2,88.200000,109.800000,198.000000,0.445455,44.545455,0.554545,55.454545
297,132,132.000000,165.000000,297.000000,0.444444,44.444444,0.555556,55.555556
138,60.7,60.700000,77.300000,138.000000,0.439855,43.985507,0.560145,56.014493
1897,833,833.000000,1064.000000,1897.000000,0.439114,43.911439,0.560886,56.088561
85.2,37.2,37.200000,48.000000,85.200000,0.436620,43.661972,0.563380,56.338028
291,127,127.000000,164.000000,291.000000,0.436426,43.642612,0.563574,56.357388
961,418,418.000000,543.000000,961.000000,0.434964,43.496358,0.565036,56.503642
304,132,132.000000,172.000000,304.000000,0.434211,43.421053,0.565789,56.578947
172,73.1,73.100000,98.900000,172.000000,0.425000,42.500000,0.575000,57.500000
60.9,25.8,25.800000,35.100000,60.900000,0.423645,42.364532,0.576355,57.635468
293,124,124.000000,169.000000,293.000000,0.423208,42.320819,0.576792,57.679181
178,74.6,74.600000,103.400000,178.000000,0.419101,41.910112,0.580899,58.089888
232,97.1,97.100000,134.900000,232.000000,0.418534,41.853448,0.581466,58.146552
2507,1048,1048.000000,1459.000000,2507.000000,0.418030,41.802952,0.581970,58.197048
274,114,114.000000,160.000000,274.000000,0.416058,41.605839,0.583942,58.394161
196,81.4,81.400000,114.600000,196.000000,0.415306,41.530612,0.584694,58.469388
301,125,125.000000,176.000000,301.000000,0.415282,41.528239,0.584718,58.471761
1687,700,700.000000,987.000000,1687.000000,0.414938,41.493776,0.585062,58.506224
172,71.2,71.200000,100.800000,172.000000,0.413953,41.395349,0.586047,58.604651
464,191,191.000000,273.000000,464.000000,0.411638,41.163793,0.588362,58.836207
652,267,267.000000,385.000000,652.000000,0.409509,40.950920,0.590491,59.049080
1281,524,524.000000,757.000000,1281.000000,0.409055,40.905543,0.590945,59.094457
60.9,24.8,24.800000,36.100000,60.900000,0.407225,40.722496,0.592775,59.277504
169,68.8,68.800000,100.200000,169.000000,0.407101,40.710059,0.592899,59.289941
246,99.5,99.500000,146.500000,246.000000,0.404472,40.447154,0.595528,59.552846
293,118,118.000000,175.000000,293.000000,0.402730,40.273038,0.597270,59.726962
190,76.5,76.500000,113.500000,190.000000,0.402632,40.263158,0.597368,59.736842
932,374,374.000000,558.000000,932.000000,0.401288,40.128755,0.598712,59.871245
902,360,360.000000,542.000000,902.000000,0.399113,39.911308,0.600887,60.088692
272,108,108.000000,164.000000,272.000000,0.397059,39.705882,0.602941,60.294118
135,53.3,53.300000,81.700000,135.000000,0.394815,39.481481,0.605185,60.518519
115,45.4,45.400000,69.600000,115.000000,0.394783,39.478261,0.605217,60.521739
659,260,260.000000,399.000000,659.000000,0.394537,39.453718,0.605463,60.546282
118,46.5,46.500000,71.500000,118.000000,0.394068,39.406780,0.605932,60.593220
1721,678,678.000000,1043.000000,1721.000000,0.393957,39.395700,0.606043,60.604300
176,69.1,69.100000,106.900000,176.000000,0.392614,39.261364,0.607386,60.738636
112,43.5,43.500000,68.500000,112.000000,0.388393,38.839286,0.611607,61.160714
118,45.8,45.800000,72.200000,118.000000,0.388136,38.813559,0.611864,61.186441
289,112,112.000000,177.000000,289.000000,0.387543,38.754325,0.612457,61.245675
423,163,163.000000,260.000000,423.000000,0.385343,38.534279,0.614657,61.465721
584,225,225.000000,359.000000,584.000000,0.385274,38.527397,0.614726,61.472603
140,53.9,53.900000,86.100000,140.000000,0.385000,38.500000,0.615000,61.500000
63.2,24.3,24.300000,38.900000,63.200000,0.384494,38.449367,0.615506,61.550633
629,239,239.000000,390.000000,629.000000,0.379968,37.996820,0.620032,62.003180
119,45,45.000000,74.000000,119.000000,0.378151,37.815126,0.621849,62.184874
139,52.4,52.400000,86.600000,139.000000,0.376978,37.697842,0.623022,62.302158
136,51.2,51.200000,84.800000,136.000000,0.376471,37.647059,0.623529,62.352941
137,51.5,51.500000,85.500000,137.000000,0.375912,37.591241,0.624088,62.408759
386,145,145.000000,241.000000,386.000000,0.375648,37.564767,0.624352,62.435233
134,50.3,50.300000,83.700000,134.000000,0.375373,37.537313,0.624627,62.462687
5637,2115,2115.000000,3522.000000,5637.000000,0.375200,37.519957,0.624800,62.480043
113,42.3,42.300000,70.700000,113.000000,0.374336,37.433628,0.625664,62.566372
115,43,43.000000,72.000000,115.000000,0.373913,37.391304,0.626087,62.608696
271,101,101.000000,170.000000,271.000000,0.372694,37.269373,0.627306,62.730627
58,21.5,21.500000,36.500000,58.000000,0.370690,37.068966,0.629310,62.931034
278,103,103.000000,175.000000,278.000000,0.370504,37.050360,0.629496,62.949640
629,232,232.000000,397.000000,629.000000,0.368839,36.883943,0.631161,63.116057
218,80.4,80.400000,137.600000,218.000000,0.368807,36.880734,0.631193,63.119266
113,41.6,41.600000,71.400000,113.000000,0.368142,36.814159,0.631858,63.185841
386,142,142.000000,244.000000,386.000000,0.367876,36.787565,0.632124,63.212435
283,104,104.000000,179.000000,283.000000,0.367491,36.749117,0.632509,63.250883
524,192,192.000000,332.000000,524.000000,0.366412,36.641221,0.633588,63.358779
180,65.8,65.800000,114.200000,180.000000,0.365556,36.555556,0.634444,63.444444
179,65.4,65.400000,113.600000,179.000000,0.365363,36.536313,0.634637,63.463687
172,62.8,62.800000,109.200000,172.000000,0.365116,36.511628,0.634884,63.488372
176,64.1,64.100000,111.900000,176.000000,0.364205,36.420455,0.635795,63.579545
245,88.4,88.400000,156.600000,245.000000,0.360816,36.081633,0.639184,63.918367
279,100,100.000000,179.000000,279.000000,0.358423,35.842294,0.641577,64.157706
262,93.6,93.600000,168.400000,262.000000,0.357252,35.725191,0.642748,64.274809
561,200,200.000000,361.000000,561.000000,0.356506,35.650624,0.643494,64.349376
304,108,108.000000,196.000000,304.000000,0.355263,35.526316,0.644737,64.473684
45.1,15.9,15.900000,29.200000,45.100000,0.352550,35.254989,0.647450,64.745011
724,255,255.000000,469.000000,724.000000,0.352210,35.220994,0.647790,64.779006
124,43.5,43.500000,80.500000,124.000000,0.350806,35.080645,0.649194,64.919355
557,195,195.000000,362.000000,557.000000,0.350090,35.008977,0.649910,64.991023
487,170,170.000000,317.000000,487.000000,0.349076,34.907598,0.650924,65.092402
487,170,170.000000,317.000000,487.000000,0.349076,34.907598,0.650924,65.092402
172,60,60.000000,112.000000,172.000000,0.348837,34.883721,0.651163,65.116279
359,125,125.000000,234.000000,359.000000,0.348189,34.818942,0.651811,65.181058
748,260,260.000000,488.000000,748.000000,0.347594,34.759358,0.652406,65.240642
231,79.5,79.500000,151.500000,231.000000,0.344156,34.415584,0.655844,65.584416
261,89.8,89.800000,171.200000,261.000000,0.344061,34.406130,0.655939,65.593870
597,205,205.000000,392.000000,597.000000,0.343384,34.338358,0.656616,65.661642
729,250,250.000000,479.000000,729.000000,0.342936,34.293553,0.657064,65.706447
596,204,204.000000,392.000000,596.000000,0.342282,34.228188,0.657718,65.771812
211,72.2,72.200000,138.800000,211.000000,0.342180,34.218009,0.657820,65.781991
230,78.7,78.700000,151.300000,230.000000,0.342174,34.217391,0.657826,65.782609
629,215,215.000000,414.000000,629.000000,0.341812,34.181240,0.658188,65.818760
55.3,18.9,18.900000,36.400000,55.300000,0.341772,34.177215,0.658228,65.822785
210,71.7,71.700000,138.300000,210.000000,0.341429,34.142857,0.658571,65.857143
47.2,16.1,16.100000,31.100000,47.200000,0.341102,34.110169,0.658898,65.889831
181,61.7,61.700000,119.300000,181.000000,0.340884,34.088398,0.659116,65.911602
187,63.7,63.700000,123.300000,187.000000,0.340642,34.064171,0.659358,65.935829
171,58.2,58.200000,112.800000,171.000000,0.340351,34.035088,0.659649,65.964912
257,87.4,87.400000,169.600000,257.000000,0.340078,34.007782,0.659922,65.992218
1480,502,502.000000,978.000000,1480.000000,0.339189,33.918919,0.660811,66.081081
156,52.7,52.700000,103.300000,156.000000,0.337821,33.782051,0.662179,66.217949
581,196,196.000000,385.000000,581.000000,0.337349,33.734940,0.662651,66.265060
216,72.7,72.700000,143.300000,216.000000,0.336574,33.657407,0.663426,66.342593
748,251,251.000000,497.000000,748.000000,0.335561,33.556150,0.664439,66.443850
307,103,103.000000,204.000000,307.000000,0.335505,33.550489,0.664495,66.449511
169,56.7,56.700000,112.300000,169.000000,0.335503,33.550296,0.664497,66.449704
47.7,16,16.000000,31.700000,47.700000,0.335430,33.542977,0.664570,66.457023
331,111,111.000000,220.000000,331.000000,0.335347,33.534743,0.664653,66.465257
277,92.5,92.500000,184.500000,277.000000,0.333935,33.393502,0.666065,66.606498
244,81.4,81.400000,162.600000,244.000000,0.333607,33.360656,0.666393,66.639344
186,62,62.000000,124.000000,186.000000,0.333333,33.333333,0.666667,66.666667
236,78.5,78.500000,157.500000,236.000000,0.332627,33.262712,0.667373,66.737288
347,115,115.000000,232.000000,347.000000,0.331412,33.141210,0.668588,66.858790
255,84.3,84.300000,170.700000,255.000000,0.330588,33.058824,0.669412,66.941176
213,70.3,70.300000,142.700000,213.000000,0.330047,33.004695,0.669953,66.995305
295,97.3,97.300000,197.700000,295.000000,0.329831,32.983051,0.670169,67.016949
114,37.6,37.600000,76.400000,114.000000,0.329825,32.982456,0.670175,67.017544
255,83.5,83.500000,171.500000,255.000000,0.327451,32.745098,0.672549,67.254902
3995,1308,1308.000000,2687.000000,3995.000000,0.327409,32.740926,0.672591,67.259074
246,80.4,80.400000,165.600000,246.000000,0.326829,32.682927,0.673171,67.317073
172,56.2,56.200000,115.800000,172.000000,0.326744,32.674419,0.673256,67.325581
259,84.6,84.600000,174.400000,259.000000,0.326641,32.664093,0.673359,67.335907
100,32.6,32.600000,67.400000,100.000000,0.326000,32.600000,0.674000,67.400000
170,55.3,55.300000,114.700000,170.000000,0.325294,32.529412,0.674706,67.470588
58.5,19,19.000000,39.500000,58.500000,0.324786,32.478632,0.675214,67.521368
303,98.4,98.400000,204.600000,303.000000,0.324752,32.475248,0.675248,67.524752
161,52.2,52.200000,108.800000,161.000000,0.324224,32.422360,0.675776,67.577640
1280,415,415.000000,865.000000,1280.000000,0.324219,32.421875,0.675781,67.578125
307,99.5,99.500000,207.500000,307.000000,0.324104,32.410423,0.675896,67.589577
571,185,185.000000,386.000000,571.000000,0.323993,32.399299,0.676007,67.600701
167,54,54.000000,113.000000,167.000000,0.323353,32.335329,0.676647,67.664671
178,57.5,57.500000,120.500000,178.000000,0.323034,32.303371,0.676966,67.696629
304,98.2,98.200000,205.800000,304.000000,0.323026,32.302632,0.676974,67.697368
296,95.5,95.500000,200.500000,296.000000,0.322635,32.263514,0.677365,67.736486
254,81.9,81.900000,172.100000,254.000000,0.322441,32.244094,0.677559,67.755906
59.5,19.1,19.100000,40.400000,59.500000,0.321008,32.100840,0.678992,67.899160
689,221,221.000000,468.000000,689.000000,0.320755,32.075472,0.679245,67.924528
296,94.9,94.900000,201.100000,296.000000,0.320608,32.060811,0.679392,67.939189
224,71.8,71.800000,152.200000,224.000000,0.320536,32.053571,0.679464,67.946429
250,80.1,80.100000,169.900000,250.000000,0.320400,32.040000,0.679600,67.960000
259,82.9,82.900000,176.100000,259.000000,0.320077,32.007722,0.679923,67.992278
325,104,104.000000,221.000000,325.000000,0.320000,32.000000,0.680000,68.000000
186,59.5,59.500000,126.500000,186.000000,0.319892,31.989247,0.680108,68.010753
251,80.2,80.200000,170.800000,251.000000,0.319522,31.952191,0.680478,68.047809
124,39.6,39.600000,84.400000,124.000000,0.319355,31.935484,0.680645,68.064516
736,235,235.000000,501.000000,736.000000,0.319293,31.929348,0.680707,68.070652
680,217,217.000000,463.000000,680.000000,0.319118,31.911765,0.680882,68.088235
237,75.6,75.600000,161.400000,237.000000,0.318987,31.898734,0.681013,68.101266
696,222,222.000000,474.000000,696.000000,0.318966,31.896552,0.681034,68.103448
245,77.9,77.900000,167.100000,245.000000,0.317959,31.795918,0.682041,68.204082
223,70.9,70.900000,152.100000,223.000000,0.317937,31.793722,0.682063,68.206278
273,86.7,86.700000,186.300000,273.000000,0.317582,31.758242,0.682418,68.241758
236,74.8,74.800000,161.200000,236.000000,0.316949,31.694915,0.683051,68.305085
273,86.5,86.500000,186.500000,273.000000,0.316850,31.684982,0.683150,68.315018
125,39.6,39.600000,85.400000,125.000000,0.316800,31.680000,0.683200,68.320000
236,74.7,74.700000,161.300000,236.000000,0.316525,31.652542,0.683475,68.347458
243,76.8,76.800000,166.200000,243.000000,0.316049,31.604938,0.683951,68.395062
200,63.1,63.100000,136.900000,200.000000,0.315500,31.550000,0.684500,68.450000
4046,1274,1274.000000,2772.000000,4046.000000,0.314879,31.487889,0.685121,68.512111
242,76.2,76.200000,165.800000,242.000000,0.314876,31.487603,0.685124,68.512397
299,94.1,94.100000,204.900000,299.000000,0.314716,31.471572,0.685284,68.528428
224,70.3,70.300000,153.700000,224.000000,0.313839,31.383929,0.686161,68.616071
53.6,16.8,16.800000,36.800000,53.600000,0.313433,31.343284,0.686567,68.656716
687,215,215.000000,472.000000,687.000000,0.312955,31.295488,0.687045,68.704512
297,92.9,92.900000,204.100000,297.000000,0.312795,31.279461,0.687205,68.720539
172,53.6,53.600000,118.400000,172.000000,0.311628,31.162791,0.688372,68.837209
501,156,156.000000,345.000000,501.000000,0.311377,31.137725,0.688623,68.862275
57.2,17.8,17.800000,39.400000,57.200000,0.311189,31.118881,0.688811,68.881119
421,131,131.000000,290.000000,421.000000,0.311164,31.116390,0.688836,68.883610
164,51,51.000000,113.000000,164.000000,0.310976,31.097561,0.689024,68.902439
286,88.9,88.900000,197.100000,286.000000,0.310839,31.083916,0.689161,68.916084
367,114,114.000000,253.000000,367.000000,0.310627,31.062670,0.689373,68.937330
258,80.1,80.100000,177.900000,258.000000,0.310465,31.046512,0.689535,68.953488
719,223,223.000000,496.000000,719.000000,0.310153,31.015299,0.689847,68.984701
290,89.8,89.800000,200.200000,290.000000,0.309655,30.965517,0.690345,69.034483
307,94.9,94.900000,212.100000,307.000000,0.309121,30.912052,0.690879,69.087948
2169,669,669.000000,1500.000000,2169.000000,0.308437,30.843707,0.691563,69.156293
331,102,102.000000,229.000000,331.000000,0.308157,30.815710,0.691843,69.184290
257,79,79.000000,178.000000,257.000000,0.307393,30.739300,0.692607,69.260700
272,83.6,83.600000,188.400000,272.000000,0.307353,30.735294,0.692647,69.264706
218,67,67.000000,151.000000,218.000000,0.307339,30.733945,0.692661,69.266055
178,54.6,54.600000,123.400000,178.000000,0.306742,30.674157,0.693258,69.325843
325,99.6,99.600000,225.400000,325.000000,0.306462,30.646154,0.693538,69.353846
236,72.2,72.200000,163.800000,236.000000,0.305932,30.593220,0.694068,69.406780
237,72.5,72.500000,164.500000,237.000000,0.305907,30.590717,0.694093,69.409283
5547,1696,1696.000000,3851.000000,5547.000000,0.305751,30.575086,0.694249,69.424914
307,93.8,93.800000,213.200000,307.000000,0.305537,30.553746,0.694463,69.446254
257,78.4,78.400000,178.600000,257.000000,0.305058,30.505837,0.694942,69.494163
243,74.1,74.100000,168.900000,243.000000,0.304938,30.493827,0.695062,69.506173
244,74.3,74.300000,169.700000,244.000000,0.304508,30.450820,0.695492,69.549180
657,200,200.000000,457.000000,657.000000,0.304414,30.441400,0.695586,69.558600
259,78.8,78.800000,180.200000,259.000000,0.304247,30.424710,0.695753,69.575290
432,131,131.000000,301.000000,432.000000,0.303241,30.324074,0.696759,69.675926
1600,482,482.000000,1118.000000,1600.000000,0.301250,30.125000,0.698750,69.875000
264,79.5,79.500000,184.500000,264.000000,0.301136,30.113636,0.698864,69.886364
47.9,14.4,14.400000,33.500000,47.900000,0.300626,30.062630,0.699374,69.937370
406,122,122.000000,284.000000,406.000000,0.300493,30.049261,0.699507,69.950739
61.9,18.6,18.600000,43.300000,61.900000,0.300485,30.048465,0.699515,69.951535
327,98.2,98.200000,228.800000,327.000000,0.300306,30.030581,0.699694,69.969419
295,88.3,88.300000,206.700000,295.000000,0.299322,29.932203,0.700678,70.067797
249,74.5,74.500000,174.500000,249.000000,0.299197,29.919679,0.700803,70.080321
53.2,15.9,15.900000,37.300000,53.200000,0.298872,29.887218,0.701128,70.112782
190,56.5,56.500000,133.500000,190.000000,0.297368,29.736842,0.702632,70.263158
323,96,96.000000,227.000000,323.000000,0.297214,29.721362,0.702786,70.278638
368,109,109.000000,259.000000,368.000000,0.296196,29.619565,0.703804,70.380435
287,84.9,84.900000,202.100000,287.000000,0.295819,29.581882,0.704181,70.418118
259,76.6,76.600000,182.400000,259.000000,0.295753,29.575290,0.704247,70.424710
220,65,65.000000,155.000000,220.000000,0.295455,29.545455,0.704545,70.454545
704,208,208.000000,496.000000,704.000000,0.295455,29.545455,0.704545,70.454545
268,79,79.000000,189.000000,268.000000,0.294776,29.477612,0.705224,70.522388
337,99.3,99.300000,237.700000,337.000000,0.294659,29.465875,0.705341,70.534125
260,76.6,76.600000,183.400000,260.000000,0.294615,29.461538,0.705385,70.538462
4087,1200,1200.000000,2887.000000,4087.000000,0.293614,29.361390,0.706386,70.638610
782,229,229.000000,553.000000,782.000000,0.292839,29.283887,0.707161,70.716113
57.4,16.8,16.800000,40.600000,57.400000,0.292683,29.268293,0.707317,70.731707
255,74.6,74.600000,180.400000,255.000000,0.292549,29.254902,0.707451,70.745098
275,80.4,80.400000,194.600000,275.000000,0.292364,29.236364,0.707636,70.763636
221,64.6,64.600000,156.400000,221.000000,0.292308,29.230769,0.707692,70.769231
6303,1842,1842.000000,4461.000000,6303.000000,0.292242,29.224179,0.707758,70.775821
339,98.9,98.900000,240.100000,339.000000,0.291740,29.174041,0.708260,70.825959
689,201,201.000000,488.000000,689.000000,0.291727,29.172714,0.708273,70.827286
762,222,222.000000,540.000000,762.000000,0.291339,29.133858,0.708661,70.866142
56,16.3,16.300000,39.700000,56.000000,0.291071,29.107143,0.708929,70.892857
770,224,224.000000,546.000000,770.000000,0.290909,29.090909,0.709091,70.909091
616,179,179.000000,437.000000,616.000000,0.290584,29.058442,0.709416,70.941558
499,145,145.000000,354.000000,499.000000,0.290581,29.058116,0.709419,70.941884
268,77.5,77.500000,190.500000,268.000000,0.289179,28.917910,0.710821,71.082090
672,194,194.000000,478.000000,672.000000,0.288690,28.869048,0.711310,71.130952
265,76.5,76.500000,188.500000,265.000000,0.288679,28.867925,0.711321,71.132075
265,76.4,76.400000,188.600000,265.000000,0.288302,28.830189,0.711698,71.169811
2783,802,802.000000,1981.000000,2783.000000,0.288178,28.817822,0.711822,71.182178
267,76.9,76.900000,190.100000,267.000000,0.288015,28.801498,0.711985,71.198502
267,76.9,76.900000,190.100000,267.000000,0.288015,28.801498,0.711985,71.198502
664,191,191.000000,473.000000,664.000000,0.287651,28.765060,0.712349,71.234940
714,205,205.000000,509.000000,714.000000,0.287115,28.711485,0.712885,71.288515
223,64,64.000000,159.000000,223.000000,0.286996,28.699552,0.713004,71.300448
196,56.1,56.100000,139.900000,196.000000,0.286224,28.622449,0.713776,71.377551
1578,450,450.000000,1128.000000,1578.000000,0.285171,28.517110,0.714829,71.482890
224,63.8,63.800000,160.200000,224.000000,0.284821,28.482143,0.715179,71.517857
308,87.7,87.700000,220.300000,308.000000,0.284740,28.474026,0.715260,71.525974
454,129,129.000000,325.000000,454.000000,0.284141,28.414097,0.715859,71.585903
511,145,145.000000,366.000000,511.000000,0.283757,28.375734,0.716243,71.624266
125,35.4,35.400000,89.600000,125.000000,0.283200,28.320000,0.716800,71.680000
236,66.8,66.800000,169.200000,236.000000,0.283051,28.305085,0.716949,71.694915
177,50,50.000000,127.000000,177.000000,0.282486,28.248588,0.717514,71.751412
4425,1250,1250.000000,3175.000000,4425.000000,0.282486,28.248588,0.717514,71.751412
72.7,20.5,20.500000,52.200000,72.700000,0.281981,28.198074,0.718019,71.801926
877,247,247.000000,630.000000,877.000000,0.281642,28.164196,0.718358,71.835804
62.5,17.6,17.600000,44.900000,62.500000,0.281600,28.160000,0.718400,71.840000
258,72.4,72.400000,185.600000,258.000000,0.280620,28.062016,0.719380,71.937984
656,184,184.000000,472.000000,656.000000,0.280488,28.048780,0.719512,71.951220
665,186,186.000000,479.000000,665.000000,0.279699,27.969925,0.720301,72.030075
56.2,15.7,15.700000,40.500000,56.200000,0.279359,27.935943,0.720641,72.064057
227,63.4,63.400000,163.600000,227.000000,0.279295,27.929515,0.720705,72.070485
3868,1080,1080.000000,2788.000000,3868.000000,0.279214,27.921406,0.720786,72.078594
491,137,137.000000,354.000000,491.000000,0.279022,27.902240,0.720978,72.097760
509,142,142.000000,367.000000,509.000000,0.278978,27.897839,0.721022,72.102161
782,218,218.000000,564.000000,782.000000,0.278772,27.877238,0.721228,72.122762
238,66.3,66.300000,171.700000,238.000000,0.278571,27.857143,0.721429,72.142857
1192,331,331.000000,861.000000,1192.000000,0.277685,27.768456,0.722315,72.231544
1016,282,282.000000,734.000000,1016.000000,0.277559,27.755906,0.722441,72.244094
783,217,217.000000,566.000000,783.000000,0.277139,27.713921,0.722861,72.286079
231,63.9,63.900000,167.100000,231.000000,0.276623,27.662338,0.723377,72.337662
781,216,216.000000,565.000000,781.000000,0.276569,27.656850,0.723431,72.343150
324,89.6,89.600000,234.400000,324.000000,0.276543,27.654321,0.723457,72.345679
202,55.8,55.800000,146.200000,202.000000,0.276238,27.623762,0.723762,72.376238
681,188,188.000000,493.000000,681.000000,0.276065,27.606461,0.723935,72.393539
518,143,143.000000,375.000000,518.000000,0.276062,27.606178,0.723938,72.393822
384,106,106.000000,278.000000,384.000000,0.276042,27.604167,0.723958,72.395833
54,14.9,14.900000,39.100000,54.000000,0.275926,27.592593,0.724074,72.407407
232,64,64.000000,168.000000,232.000000,0.275862,27.586207,0.724138,72.413793
250,68.9,68.900000,181.100000,250.000000,0.275600,27.560000,0.724400,72.440000
240,66.1,66.100000,173.900000,240.000000,0.275417,27.541667,0.724583,72.458333
727,200,200.000000,527.000000,727.000000,0.275103,27.510316,0.724897,72.489684
801,220,220.000000,581.000000,801.000000,0.274657,27.465668,0.725343,72.534332
294,80.6,80.600000,213.400000,294.000000,0.274150,27.414966,0.725850,72.585034
205,56.2,56.200000,148.800000,205.000000,0.274146,27.414634,0.725854,72.585366
518,142,142.000000,376.000000,518.000000,0.274131,27.413127,0.725869,72.586873
227,62.2,62.200000,164.800000,227.000000,0.274009,27.400881,0.725991,72.599119
1566,429,429.000000,1137.000000,1566.000000,0.273946,27.394636,0.726054,72.605364
807,221,221.000000,586.000000,807.000000,0.273854,27.385378,0.726146,72.614622
206,56.4,56.400000,149.600000,206.000000,0.273786,27.378641,0.726214,72.621359
236,64.6,64.600000,171.400000,236.000000,0.273729,27.372881,0.726271,72.627119
833,228,228.000000,605.000000,833.000000,0.273709,27.370948,0.726291,72.629052
249,68.1,68.100000,180.900000,249.000000,0.273494,27.349398,0.726506,72.650602
5288,1446,1446.000000,3842.000000,5288.000000,0.273449,27.344932,0.726551,72.655068
662,181,181.000000,481.000000,662.000000,0.273414,27.341390,0.726586,72.658610
981,268,268.000000,713.000000,981.000000,0.273191,27.319062,0.726809,72.680938
1677,458,458.000000,1219.000000,1677.000000,0.273107,27.310674,0.726893,72.689326
656,179,179.000000,477.000000,656.000000,0.272866,27.286585,0.727134,72.713415
85.5,23.3,23.300000,62.200000,85.500000,0.272515,27.251462,0.727485,72.748538
127,34.6,34.600000,92.400000,127.000000,0.272441,27.244094,0.727559,72.755906
298,81.1,81.100000,216.900000,298.000000,0.272148,27.214765,0.727852,72.785235
937,255,255.000000,682.000000,937.000000,0.272145,27.214514,0.727855,72.785486
75.7,20.6,20.600000,55.100000,75.700000,0.272127,27.212682,0.727873,72.787318
341,92.7,92.700000,248.300000,341.000000,0.271848,27.184751,0.728152,72.815249
236,64,64.000000,172.000000,236.000000,0.271186,27.118644,0.728814,72.881356
650,176,176.000000,474.000000,650.000000,0.270769,27.076923,0.729231,72.923077
272,73.6,73.600000,198.400000,272.000000,0.270588,27.058824,0.729412,72.941176
349,94.4,94.400000,254.600000,349.000000,0.270487,27.048711,0.729513,72.951289
492,133,133.000000,359.000000,492.000000,0.270325,27.032520,0.729675,72.967480
660,178,178.000000,482.000000,660.000000,0.269697,26.969697,0.730303,73.030303
102,27.5,27.500000,74.500000,102.000000,0.269608,26.960784,0.730392,73.039216
272,73.3,73.300000,198.700000,272.000000,0.269485,26.948529,0.730515,73.051471
130,35,35.000000,95.000000,130.000000,0.269231,26.923077,0.730769,73.076923
255,68.5,68.500000,186.500000,255.000000,0.268627,26.862745,0.731373,73.137255
1859,499,499.000000,1360.000000,1859.000000,0.268424,26.842388,0.731576,73.157612
258,69.2,69.200000,188.800000,258.000000,0.268217,26.821705,0.731783,73.178295
1660,445,445.000000,1215.000000,1660.000000,0.268072,26.807229,0.731928,73.192771
244,65.4,65.400000,178.600000,244.000000,0.268033,26.803279,0.731967,73.196721
236,63.2,63.200000,172.800000,236.000000,0.267797,26.779661,0.732203,73.220339
335,89.6,89.600000,245.400000,335.000000,0.267463,26.746269,0.732537,73.253731
245,65.5,65.500000,179.500000,245.000000,0.267347,26.734694,0.732653,73.265306
247,66,66.000000,181.000000,247.000000,0.267206,26.720648,0.732794,73.279352
207,55.3,55.300000,151.700000,207.000000,0.267150,26.714976,0.732850,73.285024
207,55.1,55.100000,151.900000,207.000000,0.266184,26.618357,0.733816,73.381643
3370,897,897.000000,2473.000000,3370.000000,0.266172,26.617211,0.733828,73.382789
872,232,232.000000,640.000000,872.000000,0.266055,26.605505,0.733945,73.394495
594,158,158.000000,436.000000,594.000000,0.265993,26.599327,0.734007,73.400673
651,173,173.000000,478.000000,651.000000,0.265745,26.574501,0.734255,73.425499
1014,269,269.000000,745.000000,1014.000000,0.265286,26.528600,0.734714,73.471400
58.9,15.6,15.600000,43.300000,58.900000,0.264856,26.485569,0.735144,73.514431
83.9,22.2,22.200000,61.700000,83.900000,0.264601,26.460072,0.735399,73.539928
624,165,165.000000,459.000000,624.000000,0.264423,26.442308,0.735577,73.557692
106,28,28.000000,78.000000,106.000000,0.264151,26.415094,0.735849,73.584906
343,90.5,90.500000,252.500000,343.000000,0.263848,26.384840,0.736152,73.615160
81.5,21.5,21.500000,60.000000,81.500000,0.263804,26.380368,0.736196,73.619632
80.4,21.2,21.200000,59.200000,80.400000,0.263682,26.368159,0.736318,73.631841
1025,270,270.000000,755.000000,1025.000000,0.263415,26.341463,0.736585,73.658537
222,58.4,58.400000,163.600000,222.000000,0.263063,26.306306,0.736937,73.693694
422,111,111.000000,311.000000,422.000000,0.263033,26.303318,0.736967,73.696682
127,33.4,33.400000,93.600000,127.000000,0.262992,26.299213,0.737008,73.700787
1886,496,496.000000,1390.000000,1886.000000,0.262990,26.299046,0.737010,73.700954
82.8,21.7,21.700000,61.100000,82.800000,0.262077,26.207729,0.737923,73.792271
982,257,257.000000,725.000000,982.000000,0.261711,26.171079,0.738289,73.828921
226,59.1,59.100000,166.900000,226.000000,0.261504,26.150442,0.738496,73.849558
648,169,169.000000,479.000000,648.000000,0.260802,26.080247,0.739198,73.919753
906,236,236.000000,670.000000,906.000000,0.260486,26.048565,0.739514,73.951435
1575,409,409.000000,1166.000000,1575.000000,0.259683,25.968254,0.740317,74.031746
1275,331,331.000000,944.000000,1275.000000,0.259608,25.960784,0.740392,74.039216
44.7,11.6,11.600000,33.100000,44.700000,0.259508,25.950783,0.740492,74.049217
4005,1038,1038.000000,2967.000000,4005.000000,0.259176,25.917603,0.740824,74.082397
77.2,20,20.000000,57.200000,77.200000,0.259067,25.906736,0.740933,74.093264
6854,1773,1773.000000,5081.000000,6854.000000,0.258681,25.868106,0.741319,74.131894
789,204,204.000000,585.000000,789.000000,0.258555,25.855513,0.741445,74.144487
441,114,114.000000,327.000000,441.000000,0.258503,25.850340,0.741497,74.149660
320,82.6,82.600000,237.400000,320.000000,0.258125,25.812500,0.741875,74.187500
202,52,52.000000,150.000000,202.000000,0.257426,25.742574,0.742574,74.257426
216,55.6,55.600000,160.400000,216.000000,0.257407,25.740741,0.742593,74.259259
218,56.1,56.100000,161.900000,218.000000,0.257339,25.733945,0.742661,74.266055
3780,972,972.000000,2808.000000,3780.000000,0.257143,25.714286,0.742857,74.285714
564,145,145.000000,419.000000,564.000000,0.257092,25.709220,0.742908,74.290780
246,63.2,63.200000,182.800000,246.000000,0.256911,25.691057,0.743089,74.308943
581,149,149.000000,432.000000,581.000000,0.256454,25.645439,0.743546,74.354561
1814,465,465.000000,1349.000000,1814.000000,0.256340,25.633958,0.743660,74.366042
377,96.6,96.600000,280.400000,377.000000,0.256233,25.623342,0.743767,74.376658
219,56.1,56.100000,162.900000,219.000000,0.256164,25.616438,0.743836,74.383562
242,61.9,61.900000,180.100000,242.000000,0.255785,25.578512,0.744215,74.421488
1111,284,284.000000,827.000000,1111.000000,0.255626,25.562556,0.744374,74.437444
244,62.3,62.300000,181.700000,244.000000,0.255328,25.532787,0.744672,74.467213
1113,284,284.000000,829.000000,1113.000000,0.255166,25.516622,0.744834,74.483378
1310,334,334.000000,976.000000,1310.000000,0.254962,25.496183,0.745038,74.503817
891,227,227.000000,664.000000,891.000000,0.254770,25.476992,0.745230,74.523008
379,96.5,96.500000,282.500000,379.000000,0.254617,25.461741,0.745383,74.538259
209,53.2,53.200000,155.800000,209.000000,0.254545,25.454545,0.745455,74.545455
70.5,17.9,17.900000,52.600000,70.500000,0.253901,25.390071,0.746099,74.609929
895,227,227.000000,668.000000,895.000000,0.253631,25.363128,0.746369,74.636872
69.8,17.7,17.700000,52.100000,69.800000,0.253582,25.358166,0.746418,74.641834
4667,1183,1183.000000,3484.000000,4667.000000,0.253482,25.348189,0.746518,74.651811
4219,1068,1068.000000,3151.000000,4219.000000,0.253141,25.314055,0.746859,74.685945
308,77.9,77.900000,230.100000,308.000000,0.252922,25.292208,0.747078,74.707792
252,63.7,63.700000,188.300000,252.000000,0.252778,25.277778,0.747222,74.722222
669,169,169.000000,500.000000,669.000000,0.252616,25.261584,0.747384,74.738416
347,87.6,87.600000,259.400000,347.000000,0.252450,25.244957,0.747550,74.755043
84.1,21.2,21.200000,62.900000,84.100000,0.252081,25.208086,0.747919,74.791914
611,154,154.000000,457.000000,611.000000,0.252046,25.204583,0.747954,74.795417
409,103,103.000000,306.000000,409.000000,0.251834,25.183374,0.748166,74.816626
409,103,103.000000,306.000000,409.000000,0.251834,25.183374,0.748166,74.816626
201,50.6,50.600000,150.400000,201.000000,0.251741,25.174129,0.748259,74.825871
306,77,77.000000,229.000000,306.000000,0.251634,25.163399,0.748366,74.836601
302,75.9,75.900000,226.100000,302.000000,0.251325,25.132450,0.748675,74.867550
2032,510,510.000000,1522.000000,2032.000000,0.250984,25.098425,0.749016,74.901575
1200,301,301.000000,899.000000,1200.000000,0.250833,25.083333,0.749167,74.916667
491,123,123.000000,368.000000,491.000000,0.250509,25.050916,0.749491,74.949084
1901,476,476.000000,1425.000000,1901.000000,0.250395,25.039453,0.749605,74.960547
63.9,16,16.000000,47.900000,63.900000,0.250391,25.039124,0.749609,74.960876
832,208,208.000000,624.000000,832.000000,0.250000,25.000000,0.750000,75.000000
323,80.7,80.700000,242.300000,323.000000,0.249845,24.984520,0.750155,75.015480
205,51.2,51.200000,153.800000,205.000000,0.249756,24.975610,0.750244,75.024390
817,204,204.000000,613.000000,817.000000,0.249694,24.969400,0.750306,75.030600
1260,314,314.000000,946.000000,1260.000000,0.249206,24.920635,0.750794,75.079365
5313,1324,1324.000000,3989.000000,5313.000000,0.249200,24.920008,0.750800,75.079992
183,45.6,45.600000,137.400000,183.000000,0.249180,24.918033,0.750820,75.081967
3504,873,873.000000,2631.000000,3504.000000,0.249144,24.914384,0.750856,75.085616
550,137,137.000000,413.000000,550.000000,0.249091,24.909091,0.750909,75.090909
254,63.2,63.200000,190.800000,254.000000,0.248819,24.881890,0.751181,75.118110
78,19.4,19.400000,58.600000,78.000000,0.248718,24.871795,0.751282,75.128205
1902,473,473.000000,1429.000000,1902.000000,0.248686,24.868559,0.751314,75.131441
1731,430,430.000000,1301.000000,1731.000000,0.248411,24.841132,0.751589,75.158868
713,177,177.000000,536.000000,713.000000,0.248247,24.824684,0.751753,75.175316
427,106,106.000000,321.000000,427.000000,0.248244,24.824356,0.751756,75.175644
212,52.5,52.500000,159.500000,212.000000,0.247642,24.764151,0.752358,75.235849
1906,472,472.000000,1434.000000,1906.000000,0.247639,24.763903,0.752361,75.236097
403,99.5,99.500000,303.500000,403.000000,0.246898,24.689826,0.753102,75.310174
713,176,176.000000,537.000000,713.000000,0.246844,24.684432,0.753156,75.315568
231,57,57.000000,174.000000,231.000000,0.246753,24.675325,0.753247,75.324675
446,110,110.000000,336.000000,446.000000,0.246637,24.663677,0.753363,75.336323
430,106,106.000000,324.000000,430.000000,0.246512,24.651163,0.753488,75.348837
5947,1464,1464.000000,4483.000000,5947.000000,0.246175,24.617454,0.753825,75.382546
215,52.9,52.900000,162.100000,215.000000,0.246047,24.604651,0.753953,75.395349
98.4,24.2,24.200000,74.200000,98.400000,0.245935,24.593496,0.754065,75.406504
2378,584,584.000000,1794.000000,2378.000000,0.245585,24.558452,0.754415,75.441548
883,216,216.000000,667.000000,883.000000,0.244621,24.462061,0.755379,75.537939
73.6,18,18.000000,55.600000,73.600000,0.244565,24.456522,0.755435,75.543478
413,101,101.000000,312.000000,413.000000,0.244552,24.455206,0.755448,75.544794
247,60.4,60.400000,186.600000,247.000000,0.244534,24.453441,0.755466,75.546559
929,227,227.000000,702.000000,929.000000,0.244349,24.434876,0.755651,75.565124
475,116,116.000000,359.000000,475.000000,0.244211,24.421053,0.755789,75.578947
3331,812,812.000000,2519.000000,3331.000000,0.243771,24.377064,0.756229,75.622936
6594,1607,1607.000000,4987.000000,6594.000000,0.243706,24.370640,0.756294,75.629360
250,60.8,60.800000,189.200000,250.000000,0.243200,24.320000,0.756800,75.680000
1914,465,465.000000,1449.000000,1914.000000,0.242947,24.294671,0.757053,75.705329
449,109,109.000000,340.000000,449.000000,0.242762,24.276169,0.757238,75.723831
51.2,12.4,12.400000,38.800000,51.200000,0.242188,24.218750,0.757812,75.781250
4272,1032,1032.000000,3240.000000,4272.000000,0.241573,24.157303,0.758427,75.842697
92.8,22.4,22.400000,70.400000,92.800000,0.241379,24.137931,0.758621,75.862069
7262,1749,1749.000000,5513.000000,7262.000000,0.240843,24.084274,0.759157,75.915726
412,99.2,99.200000,312.800000,412.000000,0.240777,24.077670,0.759223,75.922330
1732,417,417.000000,1315.000000,1732.000000,0.240762,24.076212,0.759238,75.923788
85.6,20.6,20.600000,65.000000,85.600000,0.240654,24.065421,0.759346,75.934579
591,142,142.000000,449.000000,591.000000,0.240271,24.027073,0.759729,75.972927
214,51.4,51.400000,162.600000,214.000000,0.240187,24.018692,0.759813,75.981308
1116,268,268.000000,848.000000,1116.000000,0.240143,24.014337,0.759857,75.985663
779,187,187.000000,592.000000,779.000000,0.240051,24.005135,0.759949,75.994865
224,53.7,53.700000,170.300000,224.000000,0.239732,23.973214,0.760268,76.026786
318,76.2,76.200000,241.800000,318.000000,0.239623,23.962264,0.760377,76.037736
392,93.9,93.900000,298.100000,392.000000,0.239541,23.954082,0.760459,76.045918
564,135,135.000000,429.000000,564.000000,0.239362,23.936170,0.760638,76.063830
391,93.5,93.500000,297.500000,391.000000,0.239130,23.913043,0.760870,76.086957
7920,1892,1892.000000,6028.000000,7920.000000,0.238889,23.888889,0.761111,76.111111
924,220,220.000000,704.000000,924.000000,0.238095,23.809524,0.761905,76.190476
1324,315,315.000000,1009.000000,1324.000000,0.237915,23.791541,0.762085,76.208459
256,60.9,60.900000,195.100000,256.000000,0.237891,23.789062,0.762109,76.210938
455,108,108.000000,347.000000,455.000000,0.237363,23.736264,0.762637,76.263736
1003,238,238.000000,765.000000,1003.000000,0.237288,23.728814,0.762712,76.271186
831,197,197.000000,634.000000,831.000000,0.237064,23.706378,0.762936,76.293622
786,186,186.000000,600.000000,786.000000,0.236641,23.664122,0.763359,76.335878
457,108,108.000000,349.000000,457.000000,0.236324,23.632385,0.763676,76.367615
398,94,94.000000,304.000000,398.000000,0.236181,23.618090,0.763819,76.381910
1923,454,454.000000,1469.000000,1923.000000,0.236089,23.608944,0.763911,76.391056
3716,877,877.000000,2839.000000,3716.000000,0.236006,23.600646,0.763994,76.399354
231,54.5,54.500000,176.500000,231.000000,0.235931,23.593074,0.764069,76.406926
2132,503,503.000000,1629.000000,2132.000000,0.235929,23.592871,0.764071,76.407129
222,52.3,52.300000,169.700000,222.000000,0.235586,23.558559,0.764414,76.441441
402,94.6,94.600000,307.400000,402.000000,0.235323,23.532338,0.764677,76.467662
468,110,110.000000,358.000000,468.000000,0.235043,23.504274,0.764957,76.495726
394,92.4,92.400000,301.600000,394.000000,0.234518,23.451777,0.765482,76.548223
2011,471,471.000000,1540.000000,2011.000000,0.234212,23.421183,0.765788,76.578817
230,53.8,53.800000,176.200000,230.000000,0.233913,23.391304,0.766087,76.608696
775,181,181.000000,594.000000,775.000000,0.233548,23.354839,0.766452,76.645161
56.1,13.1,13.100000,43.000000,56.100000,0.233512,23.351159,0.766488,76.648841
647,151,151.000000,496.000000,647.000000,0.233385,23.338485,0.766615,76.661515
414,96.6,96.600000,317.400000,414.000000,0.233333,23.333333,0.766667,76.666667
463,108,108.000000,355.000000,463.000000,0.233261,23.326134,0.766739,76.673866
433,101,101.000000,332.000000,433.000000,0.233256,23.325635,0.766744,76.674365
716,167,167.000000,549.000000,716.000000,0.233240,23.324022,0.766760,76.675978
1412,329,329.000000,1083.000000,1412.000000,0.233003,23.300283,0.766997,76.699717
468,109,109.000000,359.000000,468.000000,0.232906,23.290598,0.767094,76.709402
2148,500,500.000000,1648.000000,2148.000000,0.232775,23.277467,0.767225,76.722533
228,53,53.000000,175.000000,228.000000,0.232456,23.245614,0.767544,76.754386
568,132,132.000000,436.000000,568.000000,0.232394,23.239437,0.767606,76.760563
257,59.7,59.700000,197.300000,257.000000,0.232296,23.229572,0.767704,76.770428
698,162,162.000000,536.000000,698.000000,0.232092,23.209169,0.767908,76.790831
470,109,109.000000,361.000000,470.000000,0.231915,23.191489,0.768085,76.808511
408,94.6,94.600000,313.400000,408.000000,0.231863,23.186275,0.768137,76.813725
258,59.8,59.800000,198.200000,258.000000,0.231783,23.178295,0.768217,76.821705
91.1,21.1,21.100000,70.000000,91.100000,0.231614,23.161361,0.768386,76.838639
2336,541,541.000000,1795.000000,2336.000000,0.231592,23.159247,0.768408,76.840753
2260,523,523.000000,1737.000000,2260.000000,0.231416,23.141593,0.768584,76.858407
1418,328,328.000000,1090.000000,1418.000000,0.231312,23.131171,0.768688,76.868829
420,97.1,97.100000,322.900000,420.000000,0.231190,23.119048,0.768810,76.880952
231,53.4,53.400000,177.600000,231.000000,0.231169,23.116883,0.768831,76.883117
1117,258,258.000000,859.000000,1117.000000,0.230976,23.097583,0.769024,76.902417
433,100,100.000000,333.000000,433.000000,0.230947,23.094688,0.769053,76.905312
472,109,109.000000,363.000000,472.000000,0.230932,23.093220,0.769068,76.906780
228,52.5,52.500000,175.500000,228.000000,0.230263,23.026316,0.769737,76.973684
98.2,22.6,22.600000,75.600000,98.200000,0.230143,23.014257,0.769857,76.985743
952,219,219.000000,733.000000,952.000000,0.230042,23.004202,0.769958,76.995798
680,156,156.000000,524.000000,680.000000,0.229412,22.941176,0.770588,77.058824
247,56.6,56.600000,190.400000,247.000000,0.229150,22.914980,0.770850,77.085020
265,60.6,60.600000,204.400000,265.000000,0.228679,22.867925,0.771321,77.132075
274,62.6,62.600000,211.400000,274.000000,0.228467,22.846715,0.771533,77.153285
4847,1107,1107.000000,3740.000000,4847.000000,0.228389,22.838869,0.771611,77.161131
257,58.6,58.600000,198.400000,257.000000,0.228016,22.801556,0.771984,77.198444
261,59.5,59.500000,201.500000,261.000000,0.227969,22.796935,0.772031,77.203065
559,127,127.000000,432.000000,559.000000,0.227191,22.719141,0.772809,77.280859
3344,759,759.000000,2585.000000,3344.000000,0.226974,22.697368,0.773026,77.302632
85.5,19.4,19.400000,66.100000,85.500000,0.226901,22.690058,0.773099,77.309942
231,52.4,52.400000,178.600000,231.000000,0.226840,22.683983,0.773160,77.316017
459,104,104.000000,355.000000,459.000000,0.226580,22.657952,0.773420,77.342048
231,52.3,52.300000,178.700000,231.000000,0.226407,22.640693,0.773593,77.359307
316,71.5,71.500000,244.500000,316.000000,0.226266,22.626582,0.773734,77.373418
858,194,194.000000,664.000000,858.000000,0.226107,22.610723,0.773893,77.389277
239,54,54.000000,185.000000,239.000000,0.225941,22.594142,0.774059,77.405858
580,131,131.000000,449.000000,580.000000,0.225862,22.586207,0.774138,77.413793
1253,283,283.000000,970.000000,1253.000000,0.225858,22.585794,0.774142,77.414206
714,161,161.000000,553.000000,714.000000,0.225490,22.549020,0.774510,77.450980
245,55.2,55.200000,189.800000,245.000000,0.225306,22.530612,0.774694,77.469388
879,198,198.000000,681.000000,879.000000,0.225256,22.525597,0.774744,77.474403
243,54.7,54.700000,188.300000,243.000000,0.225103,22.510288,0.774897,77.489712
240,54,54.000000,186.000000,240.000000,0.225000,22.500000,0.775000,77.500000
587,132,132.000000,455.000000,587.000000,0.224872,22.487223,0.775128,77.512777
246,55.1,55.100000,190.900000,246.000000,0.223984,22.398374,0.776016,77.601626
518,116,116.000000,402.000000,518.000000,0.223938,22.393822,0.776062,77.606178
256,57.3,57.300000,198.700000,256.000000,0.223828,22.382812,0.776172,77.617188
308,68.9,68.900000,239.100000,308.000000,0.223701,22.370130,0.776299,77.629870
886,198,198.000000,688.000000,886.000000,0.223476,22.347630,0.776524,77.652370
959,214,214.000000,745.000000,959.000000,0.223149,22.314911,0.776851,77.685089
347,77.4,77.400000,269.600000,347.000000,0.223055,22.305476,0.776945,77.694524
210,46.8,46.800000,163.200000,210.000000,0.222857,22.285714,0.777143,77.714286
243,54.1,54.100000,188.900000,243.000000,0.222634,22.263374,0.777366,77.736626
60,13.3,13.300000,46.700000,60.000000,0.221667,22.166667,0.778333,77.833333
853,189,189.000000,664.000000,853.000000,0.221571,22.157093,0.778429,77.842907
248,54.9,54.900000,193.100000,248.000000,0.221371,22.137097,0.778629,77.862903
461,102,102.000000,359.000000,461.000000,0.221258,22.125813,0.778742,77.874187
227,50.2,50.200000,176.800000,227.000000,0.221145,22.114537,0.778855,77.885463
588,130,130.000000,458.000000,588.000000,0.221088,22.108844,0.778912,77.891156
647,143,143.000000,504.000000,647.000000,0.221020,22.102009,0.778980,77.897991
1761,389,389.000000,1372.000000,1761.000000,0.220897,22.089722,0.779103,77.910278
231,51,51.000000,180.000000,231.000000,0.220779,22.077922,0.779221,77.922078
753,166,166.000000,587.000000,753.000000,0.220452,22.045153,0.779548,77.954847
245,54,54.000000,191.000000,245.000000,0.220408,22.040816,0.779592,77.959184
315,69.4,69.400000,245.600000,315.000000,0.220317,22.031746,0.779683,77.968254
546,120,120.000000,426.000000,546.000000,0.219780,21.978022,0.780220,78.021978
113,24.8,24.800000,88.200000,113.000000,0.219469,21.946903,0.780531,78.053097
1158,254,254.000000,904.000000,1158.000000,0.219344,21.934370,0.780656,78.065630
240,52.6,52.600000,187.400000,240.000000,0.219167,21.916667,0.780833,78.083333
1141,250,250.000000,891.000000,1141.000000,0.219106,21.910605,0.780894,78.089395
1173,257,257.000000,916.000000,1173.000000,0.219096,21.909633,0.780904,78.090367
285,62.4,62.400000,222.600000,285.000000,0.218947,21.894737,0.781053,78.105263
425,92.9,92.900000,332.100000,425.000000,0.218588,21.858824,0.781412,78.141176
632,138,138.000000,494.000000,632.000000,0.218354,21.835443,0.781646,78.164557
262,57.2,57.200000,204.800000,262.000000,0.218321,21.832061,0.781679,78.167939
240,52.3,52.300000,187.700000,240.000000,0.217917,21.791667,0.782083,78.208333
240,52.3,52.300000,187.700000,240.000000,0.217917,21.791667,0.782083,78.208333
941,205,205.000000,736.000000,941.000000,0.217853,21.785335,0.782147,78.214665
306,66.6,66.600000,239.400000,306.000000,0.217647,21.764706,0.782353,78.235294
726,158,158.000000,568.000000,726.000000,0.217631,21.763085,0.782369,78.236915
515,112,112.000000,403.000000,515.000000,0.217476,21.747573,0.782524,78.252427
584,127,127.000000,457.000000,584.000000,0.217466,21.746575,0.782534,78.253425
258,56.1,56.100000,201.900000,258.000000,0.217442,21.744186,0.782558,78.255814
341,74,74.000000,267.000000,341.000000,0.217009,21.700880,0.782991,78.299120
112,24.3,24.300000,87.700000,112.000000,0.216964,21.696429,0.783036,78.303571
245,53.1,53.100000,191.900000,245.000000,0.216735,21.673469,0.783265,78.326531
269,58.1,58.100000,210.900000,269.000000,0.215985,21.598513,0.784015,78.401487
239,51.6,51.600000,187.400000,239.000000,0.215900,21.589958,0.784100,78.410042
428,92.3,92.300000,335.700000,428.000000,0.215654,21.565421,0.784346,78.434579
430,92.7,92.700000,337.300000,430.000000,0.215581,21.558140,0.784419,78.441860
239,51.5,51.500000,187.500000,239.000000,0.215481,21.548117,0.784519,78.451883
883,190,190.000000,693.000000,883.000000,0.215176,21.517554,0.784824,78.482446
93.1,20,20.000000,73.100000,93.100000,0.214823,21.482277,0.785177,78.517723
1700,364,364.000000,1336.000000,1700.000000,0.214118,21.411765,0.785882,78.588235
1860,398,398.000000,1462.000000,1860.000000,0.213978,21.397849,0.786022,78.602151
4562,976,976.000000,3586.000000,4562.000000,0.213941,21.394125,0.786059,78.605875
266,56.9,56.900000,209.100000,266.000000,0.213910,21.390977,0.786090,78.609023
3881,828,828.000000,3053.000000,3881.000000,0.213347,21.334708,0.786653,78.665292
263,56.1,56.100000,206.900000,263.000000,0.213308,21.330798,0.786692,78.669202
272,58,58.000000,214.000000,272.000000,0.213235,21.323529,0.786765,78.676471
563,120,120.000000,443.000000,563.000000,0.213144,21.314387,0.786856,78.685613
249,53,53.000000,196.000000,249.000000,0.212851,21.285141,0.787149,78.714859
475,101,101.000000,374.000000,475.000000,0.212632,21.263158,0.787368,78.736842
254,53.9,53.900000,200.100000,254.000000,0.212205,21.220472,0.787795,78.779528
783,166,166.000000,617.000000,783.000000,0.212005,21.200511,0.787995,78.799489
268,56.8,56.800000,211.200000,268.000000,0.211940,21.194030,0.788060,78.805970
245,51.9,51.900000,193.100000,245.000000,0.211837,21.183673,0.788163,78.816327
391,82.8,82.800000,308.200000,391.000000,0.211765,21.176471,0.788235,78.823529
241,51,51.000000,190.000000,241.000000,0.211618,21.161826,0.788382,78.838174
1829,387,387.000000,1442.000000,1829.000000,0.211591,21.159103,0.788409,78.840897
1329,281,281.000000,1048.000000,1329.000000,0.211437,21.143717,0.788563,78.856283
4985,1052,1052.000000,3933.000000,4985.000000,0.211033,21.103310,0.788967,78.896690
55.5,11.7,11.700000,43.800000,55.500000,0.210811,21.081081,0.789189,78.918919
250,52.7,52.700000,197.300000,250.000000,0.210800,21.080000,0.789200,78.920000
242,51,51.000000,191.000000,242.000000,0.210744,21.074380,0.789256,78.925620
419,88.2,88.200000,330.800000,419.000000,0.210501,21.050119,0.789499,78.949881
93.6,19.7,19.700000,73.900000,93.600000,0.210470,21.047009,0.789530,78.952991
580,122,122.000000,458.000000,580.000000,0.210345,21.034483,0.789655,78.965517
400,84,84.000000,316.000000,400.000000,0.210000,21.000000,0.790000,79.000000
591,124,124.000000,467.000000,591.000000,0.209814,20.981387,0.790186,79.018613
102,21.4,21.400000,80.600000,102.000000,0.209804,20.980392,0.790196,79.019608
240,50.3,50.300000,189.700000,240.000000,0.209583,20.958333,0.790417,79.041667
5282,1107,1107.000000,4175.000000,5282.000000,0.209580,20.957970,0.790420,79.042030
102,21.3,21.300000,80.700000,102.000000,0.208824,20.882353,0.791176,79.117647
695,145,145.000000,550.000000,695.000000,0.208633,20.863309,0.791367,79.136691
246,51.3,51.300000,194.700000,246.000000,0.208537,20.853659,0.791463,79.146341
395,82.3,82.300000,312.700000,395.000000,0.208354,20.835443,0.791646,79.164557
3997,832,832.000000,3165.000000,3997.000000,0.208156,20.815612,0.791844,79.184388
346,72,72.000000,274.000000,346.000000,0.208092,20.809249,0.791908,79.190751
1694,352,352.000000,1342.000000,1694.000000,0.207792,20.779221,0.792208,79.220779
602,125,125.000000,477.000000,602.000000,0.207641,20.764120,0.792359,79.235880
838,174,174.000000,664.000000,838.000000,0.207637,20.763723,0.792363,79.236277
718,149,149.000000,569.000000,718.000000,0.207521,20.752089,0.792479,79.247911
625,129,129.000000,496.000000,625.000000,0.206400,20.640000,0.793600,79.360000
5912,1218,1218.000000,4694.000000,5912.000000,0.206022,20.602165,0.793978,79.397835
342,70.4,70.400000,271.600000,342.000000,0.205848,20.584795,0.794152,79.415205
4057,833,833.000000,3224.000000,4057.000000,0.205324,20.532413,0.794676,79.467587
619,127,127.000000,492.000000,619.000000,0.205170,20.516963,0.794830,79.483037
644,132,132.000000,512.000000,644.000000,0.204969,20.496894,0.795031,79.503106
105,21.5,21.500000,83.500000,105.000000,0.204762,20.476190,0.795238,79.523810
72.9,14.9,14.900000,58.000000,72.900000,0.204390,20.438957,0.795610,79.561043
275,56.2,56.200000,218.800000,275.000000,0.204364,20.436364,0.795636,79.563636
4965,1014,1014.000000,3951.000000,4965.000000,0.204230,20.422961,0.795770,79.577039
404,82.5,82.500000,321.500000,404.000000,0.204208,20.420792,0.795792,79.579208
252,51.4,51.400000,200.600000,252.000000,0.203968,20.396825,0.796032,79.603175
653,133,133.000000,520.000000,653.000000,0.203675,20.367534,0.796325,79.632466
355,72.3,72.300000,282.700000,355.000000,0.203662,20.366197,0.796338,79.633803
6559,1335,1335.000000,5224.000000,6559.000000,0.203537,20.353712,0.796463,79.646288
1185,241,241.000000,944.000000,1185.000000,0.203376,20.337553,0.796624,79.662447
360,73.2,73.200000,286.800000,360.000000,0.203333,20.333333,0.796667,79.666667
957,194,194.000000,763.000000,957.000000,0.202717,20.271682,0.797283,79.728318
263,53.3,53.300000,209.700000,263.000000,0.202662,20.266160,0.797338,79.733840
602,122,122.000000,480.000000,602.000000,0.202658,20.265781,0.797342,79.734219
392,79.4,79.400000,312.600000,392.000000,0.202551,20.255102,0.797449,79.744898
583,118,118.000000,465.000000,583.000000,0.202401,20.240137,0.797599,79.759863
394,79.6,79.600000,314.400000,394.000000,0.202030,20.203046,0.797970,79.796954
404,81.6,81.600000,322.400000,404.000000,0.201980,20.198020,0.798020,79.801980
926,187,187.000000,739.000000,926.000000,0.201944,20.194384,0.798056,79.805616
252,50.7,50.700000,201.300000,252.000000,0.201190,20.119048,0.798810,79.880952
259,52.1,52.100000,206.900000,259.000000,0.201158,20.115830,0.798842,79.884170
667,134,134.000000,533.000000,667.000000,0.200900,20.089955,0.799100,79.910045
7210,1447,1447.000000,5763.000000,7210.000000,0.200693,20.069348,0.799307,79.930652
432,86.6,86.600000,345.400000,432.000000,0.200463,20.046296,0.799537,79.953704
689,138,138.000000,551.000000,689.000000,0.200290,20.029028,0.799710,79.970972
2295,459,459.000000,1836.000000,2295.000000,0.200000,20.000000,0.800000,80.000000
1140,228,228.000000,912.000000,1140.000000,0.200000,20.000000,0.800000,80.000000
365,72.8,72.800000,292.200000,365.000000,0.199452,19.945205,0.800548,80.054795
89.4,17.8,17.800000,71.600000,89.400000,0.199105,19.910515,0.800895,80.089485
593,118,118.000000,475.000000,593.000000,0.198988,19.898820,0.801012,80.101180
270,53.7,53.700000,216.300000,270.000000,0.198889,19.888889,0.801111,80.111111
264,52.5,52.500000,211.500000,264.000000,0.198864,19.886364,0.801136,80.113636
7865,1563,1563.000000,6302.000000,7865.000000,0.198729,19.872854,0.801271,80.127146
104,20.6,20.600000,83.400000,104.000000,0.198077,19.807692,0.801923,80.192308
1934,383,383.000000,1551.000000,1934.000000,0.198035,19.803516,0.801965,80.196484
269,53.2,53.200000,215.800000,269.000000,0.197770,19.776952,0.802230,80.223048
282,55.6,55.600000,226.400000,282.000000,0.197163,19.716312,0.802837,80.283688
939,185,185.000000,754.000000,939.000000,0.197018,19.701810,0.802982,80.298190
59.4,11.7,11.700000,47.700000,59.400000,0.196970,19.696970,0.803030,80.303030
279,54.8,54.800000,224.200000,279.000000,0.196416,19.641577,0.803584,80.358423
800,157,157.000000,643.000000,800.000000,0.196250,19.625000,0.803750,80.375000
365,71.6,71.600000,293.400000,365.000000,0.196164,19.616438,0.803836,80.383562
1916,375,375.000000,1541.000000,1916.000000,0.195720,19.572025,0.804280,80.427975
976,191,191.000000,785.000000,976.000000,0.195697,19.569672,0.804303,80.430328
982,192,192.000000,790.000000,982.000000,0.195519,19.551935,0.804481,80.448065
507,99.1,99.100000,407.900000,507.000000,0.195464,19.546351,0.804536,80.453649
609,119,119.000000,490.000000,609.000000,0.195402,19.540230,0.804598,80.459770
609,119,119.000000,490.000000,609.000000,0.195402,19.540230,0.804598,80.459770
260,50.8,50.800000,209.200000,260.000000,0.195385,19.538462,0.804615,80.461538
630,123,123.000000,507.000000,630.000000,0.195238,19.523810,0.804762,80.476190
482,93.9,93.900000,388.100000,482.000000,0.194813,19.481328,0.805187,80.518672
374,72.8,72.800000,301.200000,374.000000,0.194652,19.465241,0.805348,80.534759
72.5,14.1,14.100000,58.400000,72.500000,0.194483,19.448276,0.805517,80.551724
977,190,190.000000,787.000000,977.000000,0.194473,19.447288,0.805527,80.552712
1864,361,361.000000,1503.000000,1864.000000,0.193670,19.366953,0.806330,80.633047
373,72.2,72.200000,300.800000,373.000000,0.193566,19.356568,0.806434,80.643432
827,160,160.000000,667.000000,827.000000,0.193470,19.347037,0.806530,80.652963
610,118,118.000000,492.000000,610.000000,0.193443,19.344262,0.806557,80.655738
318,61.5,61.500000,256.500000,318.000000,0.193396,19.339623,0.806604,80.660377
652,126,126.000000,526.000000,652.000000,0.193252,19.325153,0.806748,80.674847
679,131,131.000000,548.000000,679.000000,0.192931,19.293078,0.807069,80.706922
814,157,157.000000,657.000000,814.000000,0.192875,19.287469,0.807125,80.712531
87.2,16.8,16.800000,70.400000,87.200000,0.192661,19.266055,0.807339,80.733945
381,73.4,73.400000,307.600000,381.000000,0.192651,19.265092,0.807349,80.734908
352,67.7,67.700000,284.300000,352.000000,0.192330,19.232955,0.807670,80.767045
614,118,118.000000,496.000000,614.000000,0.192182,19.218241,0.807818,80.781759
383,73.6,73.600000,309.400000,383.000000,0.192167,19.216710,0.807833,80.783290
377,72.2,72.200000,304.800000,377.000000,0.191512,19.151194,0.808488,80.848806
658,126,126.000000,532.000000,658.000000,0.191489,19.148936,0.808511,80.851064
721,138,138.000000,583.000000,721.000000,0.191401,19.140083,0.808599,80.859917
1025,196,196.000000,829.000000,1025.000000,0.191220,19.121951,0.808780,80.878049
1387,265,265.000000,1122.000000,1387.000000,0.191060,19.105984,0.808940,80.894016
1398,267,267.000000,1131.000000,1398.000000,0.190987,19.098712,0.809013,80.901288
2209,421,421.000000,1788.000000,2209.000000,0.190584,19.058397,0.809416,80.941603
381,72.5,72.500000,308.500000,381.000000,0.190289,19.028871,0.809711,80.971129
711,135,135.000000,576.000000,711.000000,0.189873,18.987342,0.810127,81.012658
823,156,156.000000,667.000000,823.000000,0.189550,18.955043,0.810450,81.044957
802,152,152.000000,650.000000,802.000000,0.189526,18.952618,0.810474,81.047382
2736,518,518.000000,2218.000000,2736.000000,0.189327,18.932749,0.810673,81.067251
61.8,11.7,11.700000,50.100000,61.800000,0.189320,18.932039,0.810680,81.067961
380,71.9,71.900000,308.100000,380.000000,0.189211,18.921053,0.810789,81.078947
831,157,157.000000,674.000000,831.000000,0.188929,18.892900,0.811071,81.107100
773,146,146.000000,627.000000,773.000000,0.188875,18.887451,0.811125,81.112549
367,69.3,69.300000,297.700000,367.000000,0.188828,18.882834,0.811172,81.117166
247,46.6,46.600000,200.400000,247.000000,0.188664,18.866397,0.811336,81.133603
785,148,148.000000,637.000000,785.000000,0.188535,18.853503,0.811465,81.146497
373,70,70.000000,303.000000,373.000000,0.187668,18.766756,0.812332,81.233244
800,150,150.000000,650.000000,800.000000,0.187500,18.750000,0.812500,81.250000
2495,466,466.000000,2029.000000,2495.000000,0.186774,18.677355,0.813226,81.322645
245,45.7,45.700000,199.300000,245.000000,0.186531,18.653061,0.813469,81.346939
266,49.6,49.600000,216.400000,266.000000,0.186466,18.646617,0.813534,81.353383
692,129,129.000000,563.000000,692.000000,0.186416,18.641618,0.813584,81.358382
633,118,118.000000,515.000000,633.000000,0.186414,18.641390,0.813586,81.358610
854,159,159.000000,695.000000,854.000000,0.186183,18.618267,0.813817,81.381733
990,184,184.000000,806.000000,990.000000,0.185859,18.585859,0.814141,81.414141
573,106,106.000000,467.000000,573.000000,0.184991,18.499127,0.815009,81.500873
1157,214,214.000000,943.000000,1157.000000,0.184961,18.496111,0.815039,81.503889
634,117,117.000000,517.000000,634.000000,0.184543,18.454259,0.815457,81.545741
710,131,131.000000,579.000000,710.000000,0.184507,18.450704,0.815493,81.549296
2999,553,553.000000,2446.000000,2999.000000,0.184395,18.439480,0.815605,81.560520
548,101,101.000000,447.000000,548.000000,0.184307,18.430657,0.815693,81.569343
989,182,182.000000,807.000000,989.000000,0.184024,18.402427,0.815976,81.597573
393,72.3,72.300000,320.700000,393.000000,0.183969,18.396947,0.816031,81.603053
832,153,153.000000,679.000000,832.000000,0.183894,18.389423,0.816106,81.610577
930,171,171.000000,759.000000,930.000000,0.183871,18.387097,0.816129,81.612903
3182,585,585.000000,2597.000000,3182.000000,0.183847,18.384664,0.816153,81.615336
369,67.5,67.500000,301.500000,369.000000,0.182927,18.292683,0.817073,81.707317
651,119,119.000000,532.000000,651.000000,0.182796,18.279570,0.817204,81.720430
630,115,115.000000,515.000000,630.000000,0.182540,18.253968,0.817460,81.746032
272,49.6,49.600000,222.400000,272.000000,0.182353,18.235294,0.817647,81.764706
840,153,153.000000,687.000000,840.000000,0.182143,18.214286,0.817857,81.785714
329,59.9,59.900000,269.100000,329.000000,0.182067,18.206687,0.817933,81.793313
217,39.4,39.400000,177.600000,217.000000,0.181567,18.156682,0.818433,81.843318
471,85.5,85.500000,385.500000,471.000000,0.181529,18.152866,0.818471,81.847134
1256,228,228.000000,1028.000000,1256.000000,0.181529,18.152866,0.818471,81.847134
264,47.9,47.900000,216.100000,264.000000,0.181439,18.143939,0.818561,81.856061
3627,658,658.000000,2969.000000,3627.000000,0.181417,18.141715,0.818583,81.858285
591,107,107.000000,484.000000,591.000000,0.181049,18.104907,0.818951,81.895093
341,61.7,61.700000,279.300000,341.000000,0.180938,18.093842,0.819062,81.906158
51.8,9.33,9.330000,42.470000,51.800000,0.180116,18.011583,0.819884,81.988417
783,141,141.000000,642.000000,783.000000,0.180077,18.007663,0.819923,81.992337
672,121,121.000000,551.000000,672.000000,0.180060,18.005952,0.819940,81.994048
351,63.2,63.200000,287.800000,351.000000,0.180057,18.005698,0.819943,81.994302
372,66.9,66.900000,305.100000,372.000000,0.179839,17.983871,0.820161,82.016129
319,57.3,57.300000,261.700000,319.000000,0.179624,17.962382,0.820376,82.037618
1036,186,186.000000,850.000000,1036.000000,0.179537,17.953668,0.820463,82.046332
4078,732,732.000000,3346.000000,4078.000000,0.179500,17.949975,0.820500,82.050025
3497,627,627.000000,2870.000000,3497.000000,0.179297,17.929654,0.820703,82.070346
416,74.5,74.500000,341.500000,416.000000,0.179087,17.908654,0.820913,82.091346
1566,280,280.000000,1286.000000,1566.000000,0.178799,17.879949,0.821201,82.120051
99.6,17.8,17.800000,81.800000,99.600000,0.178715,17.871486,0.821285,82.128514
4918,878,878.000000,4040.000000,4918.000000,0.178528,17.852786,0.821472,82.147214
1434,256,256.000000,1178.000000,1434.000000,0.178522,17.852162,0.821478,82.147838
287,51.2,51.200000,235.800000,287.000000,0.178397,17.839721,0.821603,82.160279
679,121,121.000000,558.000000,679.000000,0.178203,17.820324,0.821797,82.179676
915,163,163.000000,752.000000,915.000000,0.178142,17.814208,0.821858,82.185792
758,135,135.000000,623.000000,758.000000,0.178100,17.810026,0.821900,82.189974
1105,196,196.000000,909.000000,1105.000000,0.177376,17.737557,0.822624,82.262443
920,163,163.000000,757.000000,920.000000,0.177174,17.717391,0.822826,82.282609
4026,713,713.000000,3313.000000,4026.000000,0.177099,17.709886,0.822901,82.290114
623,110,110.000000,513.000000,623.000000,0.176565,17.656501,0.823435,82.343499
623,110,110.000000,513.000000,623.000000,0.176565,17.656501,0.823435,82.343499
374,66,66.000000,308.000000,374.000000,0.176471,17.647059,0.823529,82.352941
1043,184,184.000000,859.000000,1043.000000,0.176414,17.641419,0.823586,82.358581
356,62.8,62.800000,293.200000,356.000000,0.176404,17.640449,0.823596,82.359551
2115,373,373.000000,1742.000000,2115.000000,0.176359,17.635934,0.823641,82.364066
387,68.2,68.200000,318.800000,387.000000,0.176227,17.622739,0.823773,82.377261
273,48.1,48.100000,224.900000,273.000000,0.176190,17.619048,0.823810,82.380952
835,147,147.000000,688.000000,835.000000,0.176048,17.604790,0.823952,82.395210
836,147,147.000000,689.000000,836.000000,0.175837,17.583732,0.824163,82.416268
598,105,105.000000,493.000000,598.000000,0.175585,17.558528,0.824415,82.441472
655,115,115.000000,540.000000,655.000000,0.175573,17.557252,0.824427,82.442748
1322,232,232.000000,1090.000000,1322.000000,0.175492,17.549168,0.824508,82.450832
701,123,123.000000,578.000000,701.000000,0.175464,17.546362,0.824536,82.453638
332,58.2,58.200000,273.800000,332.000000,0.175301,17.530120,0.824699,82.469880
4073,714,714.000000,3359.000000,4073.000000,0.175301,17.530076,0.824699,82.469924
3971,695,695.000000,3276.000000,3971.000000,0.175019,17.501889,0.824981,82.498111
454,79.3,79.300000,374.700000,454.000000,0.174670,17.466960,0.825330,82.533040
877,153,153.000000,724.000000,877.000000,0.174458,17.445838,0.825542,82.554162
660,115,115.000000,545.000000,660.000000,0.174242,17.424242,0.825758,82.575758
775,135,135.000000,640.000000,775.000000,0.174194,17.419355,0.825806,82.580645
327,56.9,56.900000,270.100000,327.000000,0.174006,17.400612,0.825994,82.599388
702,122,122.000000,580.000000,702.000000,0.173789,17.378917,0.826211,82.621083
714,124,124.000000,590.000000,714.000000,0.173669,17.366947,0.826331,82.633053
668,116,116.000000,552.000000,668.000000,0.173653,17.365269,0.826347,82.634731
720,125,125.000000,595.000000,720.000000,0.173611,17.361111,0.826389,82.638889
241,41.8,41.800000,199.200000,241.000000,0.173444,17.344398,0.826556,82.655602
453,78.5,78.500000,374.500000,453.000000,0.173289,17.328918,0.826711,82.671082
73.9,12.8,12.800000,61.100000,73.900000,0.173207,17.320704,0.826793,82.679296
520,90,90.000000,430.000000,520.000000,0.173077,17.307692,0.826923,82.692308
2172,375,375.000000,1797.000000,2172.000000,0.172652,17.265193,0.827348,82.734807
869,150,150.000000,719.000000,869.000000,0.172612,17.261220,0.827388,82.738780
272,46.9,46.900000,225.100000,272.000000,0.172426,17.242647,0.827574,82.757353
373,64.3,64.300000,308.700000,373.000000,0.172386,17.238606,0.827614,82.761394
4519,779,779.000000,3740.000000,4519.000000,0.172383,17.238327,0.827617,82.761673
391,67.1,67.100000,323.900000,391.000000,0.171611,17.161125,0.828389,82.838875
243,41.7,41.700000,201.300000,243.000000,0.171605,17.160494,0.828395,82.839506
1557,267,267.000000,1290.000000,1557.000000,0.171484,17.148362,0.828516,82.851638
1313,225,225.000000,1088.000000,1313.000000,0.171363,17.136329,0.828637,82.863671
5384,922,922.000000,4462.000000,5384.000000,0.171248,17.124814,0.828752,82.875186
255,43.6,43.600000,211.400000,255.000000,0.170980,17.098039,0.829020,82.901961
1229,210,210.000000,1019.000000,1229.000000,0.170871,17.087063,0.829129,82.912937
960,164,164.000000,796.000000,960.000000,0.170833,17.083333,0.829167,82.916667
685,117,117.000000,568.000000,685.000000,0.170803,17.080292,0.829197,82.919708
709,121,121.000000,588.000000,709.000000,0.170663,17.066291,0.829337,82.933709
2494,425,425.000000,2069.000000,2494.000000,0.170409,17.040898,0.829591,82.959102
2731,465,465.000000,2266.000000,2731.000000,0.170267,17.026730,0.829733,82.973270
449,76.3,76.300000,372.700000,449.000000,0.169933,16.993318,0.830067,83.006682
4975,845,845.000000,4130.000000,4975.000000,0.169849,16.984925,0.830151,83.015075
696,118,118.000000,578.000000,696.000000,0.169540,16.954023,0.830460,83.045977
266,44.8,44.800000,221.200000,266.000000,0.168421,16.842105,0.831579,83.157895
1321,222,222.000000,1099.000000,1321.000000,0.168055,16.805450,0.831945,83.194550
4444,746,746.000000,3698.000000,4444.000000,0.167867,16.786679,0.832133,83.213321
751,126,126.000000,625.000000,751.000000,0.167776,16.777630,0.832224,83.222370
279,46.7,46.700000,232.300000,279.000000,0.167384,16.738351,0.832616,83.261649
711,119,119.000000,592.000000,711.000000,0.167370,16.736990,0.832630,83.263010
963,161,161.000000,802.000000,963.000000,0.167186,16.718588,0.832814,83.281412
269,44.9,44.900000,224.100000,269.000000,0.166914,16.691450,0.833086,83.308550
1079,180,180.000000,899.000000,1079.000000,0.166821,16.682113,0.833179,83.317887
732,122,122.000000,610.000000,732.000000,0.166667,16.666667,0.833333,83.333333
943,157,157.000000,786.000000,943.000000,0.166490,16.648993,0.833510,83.351007
233,38.7,38.700000,194.300000,233.000000,0.166094,16.609442,0.833906,83.390558
426,70.7,70.700000,355.300000,426.000000,0.165962,16.596244,0.834038,83.403756
2328,386,386.000000,1942.000000,2328.000000,0.165808,16.580756,0.834192,83.419244
4918,814,814.000000,4104.000000,4918.000000,0.165514,16.551444,0.834486,83.448556
877,145,145.000000,732.000000,877.000000,0.165336,16.533637,0.834664,83.466363
988,163,163.000000,825.000000,988.000000,0.164980,16.497976,0.835020,83.502024
784,129,129.000000,655.000000,784.000000,0.164541,16.454082,0.835459,83.545918
460,75.6,75.600000,384.400000,460.000000,0.164348,16.434783,0.835652,83.565217
237,38.9,38.900000,198.100000,237.000000,0.164135,16.413502,0.835865,83.586498
431,70.7,70.700000,360.300000,431.000000,0.164037,16.403712,0.835963,83.596288
272,44.6,44.600000,227.400000,272.000000,0.163971,16.397059,0.836029,83.602941
289,47.3,47.300000,241.700000,289.000000,0.163668,16.366782,0.836332,83.633218
990,162,162.000000,828.000000,990.000000,0.163636,16.363636,0.836364,83.636364
758,124,124.000000,634.000000,758.000000,0.163588,16.358839,0.836412,83.641161
1474,241,241.000000,1233.000000,1474.000000,0.163501,16.350068,0.836499,83.649932
276,45,45.000000,231.000000,276.000000,0.163043,16.304348,0.836957,83.695652
622,101,101.000000,521.000000,622.000000,0.162379,16.237942,0.837621,83.762058
890,144,144.000000,746.000000,890.000000,0.161798,16.179775,0.838202,83.820225
357,57.7,57.700000,299.300000,357.000000,0.161625,16.162465,0.838375,83.837535
712,115,115.000000,597.000000,712.000000,0.161517,16.151685,0.838483,83.848315
355,57.3,57.300000,297.700000,355.000000,0.161408,16.140845,0.838592,83.859155
2045,330,330.000000,1715.000000,2045.000000,0.161369,16.136919,0.838631,83.863081
419,67.2,67.200000,351.800000,419.000000,0.160382,16.038186,0.839618,83.961814
861,138,138.000000,723.000000,861.000000,0.160279,16.027875,0.839721,83.972125
342,54.8,54.800000,287.200000,342.000000,0.160234,16.023392,0.839766,83.976608
2980,477,477.000000,2503.000000,2980.000000,0.160067,16.006711,0.839933,83.993289
423,67.7,67.700000,355.300000,423.000000,0.160047,16.004728,0.839953,83.995272
455,72.8,72.800000,382.200000,455.000000,0.160000,16.000000,0.840000,84.000000
5402,864,864.000000,4538.000000,5402.000000,0.159941,15.994076,0.840059,84.005924
420,67,67.000000,353.000000,420.000000,0.159524,15.952381,0.840476,84.047619
2048,326,326.000000,1722.000000,2048.000000,0.159180,15.917969,0.840820,84.082031
710,113,113.000000,597.000000,710.000000,0.159155,15.915493,0.840845,84.084507
252,40.1,40.100000,211.900000,252.000000,0.159127,15.912698,0.840873,84.087302
667,106,106.000000,561.000000,667.000000,0.158921,15.892054,0.841079,84.107946
235,37.3,37.300000,197.700000,235.000000,0.158723,15.872340,0.841277,84.127660
952,151,151.000000,801.000000,952.000000,0.158613,15.861345,0.841387,84.138655
858,136,136.000000,722.000000,858.000000,0.158508,15.850816,0.841492,84.149184
865,137,137.000000,728.000000,865.000000,0.158382,15.838150,0.841618,84.161850
3611,570,570.000000,3041.000000,3611.000000,0.157851,15.785101,0.842149,84.214899
770,121,121.000000,649.000000,770.000000,0.157143,15.714286,0.842857,84.285714
968,152,152.000000,816.000000,968.000000,0.157025,15.702479,0.842975,84.297521
3048,478,478.000000,2570.000000,3048.000000,0.156824,15.682415,0.843176,84.317585
817,128,128.000000,689.000000,817.000000,0.156671,15.667075,0.843329,84.332925
557,86.3,86.300000,470.700000,557.000000,0.154937,15.493716,0.845063,84.506284
5816,901,901.000000,4915.000000,5816.000000,0.154917,15.491747,0.845083,84.508253
711,110,110.000000,601.000000,711.000000,0.154712,15.471167,0.845288,84.528833
834,129,129.000000,705.000000,834.000000,0.154676,15.467626,0.845324,84.532374
3472,535,535.000000,2937.000000,3472.000000,0.154090,15.408986,0.845910,84.591014
562,86.4,86.400000,475.600000,562.000000,0.153737,15.373665,0.846263,84.626335
834,128,128.000000,706.000000,834.000000,0.153477,15.347722,0.846523,84.652278
1419,217,217.000000,1202.000000,1419.000000,0.152925,15.292459,0.847075,84.707541
5366,820,820.000000,4546.000000,5366.000000,0.152814,15.281401,0.847186,84.718599
343,52.4,52.400000,290.600000,343.000000,0.152770,15.276968,0.847230,84.723032
827,126,126.000000,701.000000,827.000000,0.152358,15.235792,0.847642,84.764208
423,64.2,64.200000,358.800000,423.000000,0.151773,15.177305,0.848227,84.822695
264,40,40.000000,224.000000,264.000000,0.151515,15.151515,0.848485,84.848485
412,62.4,62.400000,349.600000,412.000000,0.151456,15.145631,0.848544,84.854369
3958,598,598.000000,3360.000000,3958.000000,0.151086,15.108641,0.848914,84.891359
717,108,108.000000,609.000000,717.000000,0.150628,15.062762,0.849372,84.937238
388,58.3,58.300000,329.700000,388.000000,0.150258,15.025773,0.849742,84.974227
267,40.1,40.100000,226.900000,267.000000,0.150187,15.018727,0.849813,84.981273
4503,675,675.000000,3828.000000,4503.000000,0.149900,14.990007,0.850100,85.009993
895,134,134.000000,761.000000,895.000000,0.149721,14.972067,0.850279,85.027933
808,120,120.000000,688.000000,808.000000,0.148515,14.851485,0.851485,85.148515
1152,171,171.000000,981.000000,1152.000000,0.148438,14.843750,0.851562,85.156250
736,109,109.000000,627.000000,736.000000,0.148098,14.809783,0.851902,85.190217
435,64.2,64.200000,370.800000,435.000000,0.147586,14.758621,0.852414,85.241379
800,117,117.000000,683.000000,800.000000,0.146250,14.625000,0.853750,85.375000
367,53.6,53.600000,313.400000,367.000000,0.146049,14.604905,0.853951,85.395095
364,53.1,53.100000,310.900000,364.000000,0.145879,14.587912,0.854121,85.412088
768,112,112.000000,656.000000,768.000000,0.145833,14.583333,0.854167,85.416667
4444,645,645.000000,3799.000000,4444.000000,0.145140,14.513951,0.854860,85.486049
426,61.8,61.800000,364.200000,426.000000,0.145070,14.507042,0.854930,85.492958
5409,781,781.000000,4628.000000,5409.000000,0.144389,14.438898,0.855611,85.561102
271,39,39.000000,232.000000,271.000000,0.143911,14.391144,0.856089,85.608856
4030,572,572.000000,3458.000000,4030.000000,0.141935,14.193548,0.858065,85.806452
4940,700,700.000000,4240.000000,4940.000000,0.141700,14.170040,0.858300,85.829960
3004,421,421.000000,2583.000000,3004.000000,0.140146,14.014647,0.859854,85.985353
931,130,130.000000,801.000000,931.000000,0.139635,13.963480,0.860365,86.036520
71.7,10,10.000000,61.700000,71.700000,0.139470,13.947001,0.860530,86.052999
1478,206,206.000000,1272.000000,1478.000000,0.139378,13.937754,0.860622,86.062246
688,95.8,95.800000,592.200000,688.000000,0.139244,13.924419,0.860756,86.075581
5431,756,756.000000,4675.000000,5431.000000,0.139201,13.920088,0.860799,86.079912
347,48.3,48.300000,298.700000,347.000000,0.139193,13.919308,0.860807,86.080692
997,138,138.000000,859.000000,997.000000,0.138415,13.841525,0.861585,86.158475
387,53.4,53.400000,333.600000,387.000000,0.137984,13.798450,0.862016,86.201550
894,123,123.000000,771.000000,894.000000,0.137584,13.758389,0.862416,86.241611
1417,193,193.000000,1224.000000,1417.000000,0.136203,13.620325,0.863797,86.379675
5938,807,807.000000,5131.000000,5938.000000,0.135904,13.590434,0.864096,86.409566
430,58.4,58.400000,371.600000,430.000000,0.135814,13.581395,0.864186,86.418605
5001,664,664.000000,4337.000000,5001.000000,0.132773,13.277345,0.867227,86.722655
329,43.5,43.500000,285.500000,329.000000,0.132219,13.221884,0.867781,86.778116
810,105,105.000000,705.000000,810.000000,0.129630,12.962963,0.870370,87.037037
733,94.9,94.900000,638.100000,733.000000,0.129468,12.946794,0.870532,87.053206
5968,758,758.000000,5210.000000,5968.000000,0.127011,12.701072,0.872989,87.298928
459,58.1,58.100000,400.900000,459.000000,0.126580,12.657952,0.873420,87.342048
838,106,106.000000,732.000000,838.000000,0.126492,12.649165,0.873508,87.350835
4993,631,631.000000,4362.000000,4993.000000,0.126377,12.637693,0.873623,87.362307
385,48.6,48.600000,336.400000,385.000000,0.126234,12.623377,0.873766,87.376623
471,59.4,59.400000,411.600000,471.000000,0.126115,12.611465,0.873885,87.388535
3978,500,500.000000,3478.000000,3978.000000,0.125691,12.569130,0.874309,87.430870
385,48.2,48.200000,336.800000,385.000000,0.125195,12.519481,0.874805,87.480519
3982,498,498.000000,3484.000000,3982.000000,0.125063,12.506278,0.874937,87.493722
419,52.2,52.200000,366.800000,419.000000,0.124582,12.458234,0.875418,87.541766
4479,558,558.000000,3921.000000,4479.000000,0.124581,12.458138,0.875419,87.541862
5479,681,681.000000,4798.000000,5479.000000,0.124293,12.429275,0.875707,87.570725
1479,182,182.000000,1297.000000,1479.000000,0.123056,12.305612,0.876944,87.694388
421,51.7,51.700000,369.300000,421.000000,0.122803,12.280285,0.877197,87.719715
5999,735,735.000000,5264.000000,5999.000000,0.122520,12.252042,0.877480,87.747958
422,51.5,51.500000,370.500000,422.000000,0.122038,12.203791,0.877962,87.796209
414,50.3,50.300000,363.700000,414.000000,0.121498,12.149758,0.878502,87.850242
450,54.6,54.600000,395.400000,450.000000,0.121333,12.133333,0.878667,87.866667
849,103,103.000000,746.000000,849.000000,0.121319,12.131920,0.878681,87.868080
982,119,119.000000,863.000000,982.000000,0.121181,12.118126,0.878819,87.881874
414,50,50.000000,364.000000,414.000000,0.120773,12.077295,0.879227,87.922705
6532,787,787.000000,5745.000000,6532.000000,0.120484,12.048377,0.879516,87.951623
7967,959,959.000000,7008.000000,7967.000000,0.120372,12.037153,0.879628,87.962847
415,49.9,49.900000,365.100000,415.000000,0.120241,12.024096,0.879759,87.975904
474,56.8,56.800000,417.200000,474.000000,0.119831,11.983122,0.880169,88.016878
469,56,56.000000,413.000000,469.000000,0.119403,11.940299,0.880597,88.059701
7031,838,838.000000,6193.000000,7031.000000,0.119186,11.918646,0.880814,88.081354
4983,592,592.000000,4391.000000,4983.000000,0.118804,11.880393,0.881196,88.119607
410,48.6,48.600000,361.400000,410.000000,0.118537,11.853659,0.881463,88.146341
7561,891,891.000000,6670.000000,7561.000000,0.117842,11.784156,0.882158,88.215844
469,55,55.000000,414.000000,469.000000,0.117271,11.727079,0.882729,88.272921
405,47.4,47.400000,357.600000,405.000000,0.117037,11.703704,0.882963,88.296296
414,48.2,48.200000,365.800000,414.000000,0.116425,11.642512,0.883575,88.357488
915,106,106.000000,809.000000,915.000000,0.115847,11.584699,0.884153,88.415301
416,48.1,48.100000,367.900000,416.000000,0.115625,11.562500,0.884375,88.437500
423,48.9,48.900000,374.100000,423.000000,0.115603,11.560284,0.884397,88.439716
432,49.8,49.800000,382.200000,432.000000,0.115278,11.527778,0.884722,88.472222
437,50.3,50.300000,386.700000,437.000000,0.115103,11.510297,0.884897,88.489703
457,52.4,52.400000,404.600000,457.000000,0.114661,11.466083,0.885339,88.533917
432,49.5,49.500000,382.500000,432.000000,0.114583,11.458333,0.885417,88.541667
457,52.3,52.300000,404.700000,457.000000,0.114442,11.444201,0.885558,88.555799
963,110,110.000000,853.000000,963.000000,0.114226,11.422638,0.885774,88.577362
5989,679,679.000000,5310.000000,5989.000000,0.113375,11.337452,0.886625,88.662548
458,51.3,51.300000,406.700000,458.000000,0.112009,11.200873,0.887991,88.799127
448,50,50.000000,398.000000,448.000000,0.111607,11.160714,0.888393,88.839286
919,102,102.000000,817.000000,919.000000,0.110990,11.099021,0.889010,88.900979
454,49.4,49.400000,404.600000,454.000000,0.108811,10.881057,0.891189,89.118943
451,48.7,48.700000,402.300000,451.000000,0.107982,10.798226,0.892018,89.201774
461,49.6,49.600000,411.400000,461.000000,0.107592,10.759219,0.892408,89.240781
976,105,105.000000,871.000000,976.000000,0.107582,10.758197,0.892418,89.241803
461,49.3,49.300000,411.700000,461.000000,0.106941,10.694143,0.893059,89.305857
957,99.8,99.800000,857.200000,957.000000,0.104284,10.428422,0.895716,89.571578
956,99.6,99.600000,856.400000,956.000000,0.104184,10.418410,0.895816,89.581590
1008,104,104.000000,904.000000,1008.000000,0.103175,10.317460,0.896825,89.682540
915,94.2,94.200000,820.800000,915.000000,0.102951,10.295082,0.897049,89.704918
963,95.5,95.500000,867.500000,963.000000,0.099169,9.916926,0.900831,90.083074
401,38.4,38.400000,362.600000,401.000000,0.095761,9.576060,0.904239,90.423940
942,90.1,90.100000,851.900000,942.000000,0.095648,9.564756,0.904352,90.435244
939,89.8,89.800000,849.200000,939.000000,0.095634,9.563365,0.904366,90.436635
936,88.9,88.900000,847.100000,936.000000,0.094979,9.497863,0.905021,90.502137
942,88.6,88.600000,853.400000,942.000000,0.094055,9.405520,0.905945,90.594480
923,85.6,85.600000,837.400000,923.000000,0.092741,9.274106,0.907259,90.725894
426,39.5,39.500000,386.500000,426.000000,0.092723,9.272300,0.907277,90.727700
414,37.7,37.700000,376.300000,414.000000,0.091063,9.106280,0.908937,90.893720
454,40.3,40.300000,413.700000,454.000000,0.088767,8.876652,0.911233,91.123348
1005,89.2,89.200000,915.800000,1005.000000,0.088756,8.875622,0.911244,91.124378
944,82.9,82.900000,861.100000,944.000000,0.087818,8.781780,0.912182,91.218220
